user_id,ml_prediction,ml_suspicious_probability,ml_risk_level
U0001,1,97.5,HIGH
U0002,1,99.94,HIGH
U0003,0,0.0,LOW
U0004,1,99.91,HIGH
U0005,1,100.0,HIGH
U0006,1,99.96,HIGH
U0007,0,0.0,LOW
U0008,0,0.0,LOW
U0009,0,0.0,LOW
U0010,0,0.0,LOW
U0011,0,0.0,LOW
U0012,0,0.0,LOW
U0013,0,0.0,LOW
U0014,1,99.64,HIGH
U0015,1,99.75,HIGH
U0016,1,100.0,HIGH
U0017,0,0.0,LOW
U0018,0,0.0,LOW
U0019,0,0.0,LOW
U0020,0,0.0,LOW
U0021,0,0.0,LOW
U0022,0,0.0,LOW
U0023,0,0.0,LOW
U0024,0,0.0,LOW
U0025,1,99.94,HIGH
U0026,0,0.0,LOW
U0027,0,0.0,LOW
U0028,0,0.0,LOW
U0029,0,0.0,LOW
U0030,0,0.0,LOW
U0031,1,100.0,HIGH
U0032,0,0.0,LOW
U0033,0,0.0,LOW
U0034,0,0.0,LOW
U0035,0,0.0,LOW
U0036,0,0.0,LOW
U0037,0,0.0,LOW
U0038,0,0.0,LOW
U0039,0,0.0,LOW
U0040,0,0.0,LOW
U0041,0,0.0,LOW
U0042,1,100.0,HIGH
U0043,0,0.0,LOW
U0044,0,0.0,LOW
U0045,0,0.0,LOW
U0046,0,0.0,LOW
U0047,0,0.0,LOW
U0048,0,0.0,LOW
U0049,0,0.0,LOW
U0050,1,98.0,HIGH
U0051,1,98.83,HIGH
U0052,1,99.4,HIGH
U0053,1,99.43,HIGH
U0054,1,98.83,HIGH
U0055,1,98.28,HIGH
U0056,1,98.9,HIGH
U0057,1,98.79,HIGH
U0058,1,100.0,HIGH
U0059,1,98.78,HIGH
U0060,1,99.43,HIGH
U0061,1,100.0,HIGH
U0062,1,100.0,HIGH
U0063,1,99.65,HIGH
U0064,1,100.0,HIGH
U0065,1,100.0,HIGH
U0066,1,100.0,HIGH
U0067,1,99.34,HIGH
U0068,1,99.2,HIGH
U0069,1,99.95,HIGH
U0070,1,100.0,HIGH
U0071,1,100.0,HIGH
U0072,1,100.0,HIGH
U0073,1,100.0,HIGH
U0074,1,99.98,HIGH
U0075,1,100.0,HIGH
U0076,1,99.96,HIGH
U0077,1,100.0,HIGH
U0078,1,99.81,HIGH
U0079,1,99.44,HIGH
U0080,1,100.0,HIGH
U0081,1,99.82,HIGH
U0082,1,100.0,HIGH
U0083,1,100.0,HIGH
U0084,1,99.75,HIGH
U0085,1,99.93,HIGH
U0086,1,100.0,HIGH
U0087,1,99.69,HIGH
U0088,1,99.44,HIGH
U0089,1,99.59,HIGH
U0090,1,100.0,HIGH
U0091,0,0.0,LOW
U0092,0,0.0,LOW
U0093,0,0.0,LOW
U0094,0,0.0,LOW
U0095,0,0.0,LOW
U0096,1,100.0,HIGH
U0097,0,0.0,LOW
U0098,0,0.0,LOW
U0099,1,100.0,HIGH
U0100,1,99.69,HIGH
U0101,0,0.0,LOW
U0102,1,100.0,HIGH
U0103,0,0.0,LOW
U0104,0,0.0,LOW
U0105,0,0.0,LOW
U0106,0,0.0,LOW
U0107,1,99.4,HIGH
U0108,0,0.0,LOW
U0109,0,0.0,LOW
U0110,0,0.0,LOW
U0111,0,0.0,LOW
U0112,1,99.35,HIGH
U0113,1,100.0,HIGH
U0114,1,100.0,HIGH
U0115,0,0.0,LOW
U0116,0,0.0,LOW
U0117,0,0.0,LOW
U0118,1,100.0,HIGH
U0119,0,0.0,LOW
U0120,1,98.99,HIGH
U0121,1,100.0,HIGH
U0122,0,0.0,LOW
U0123,0,0.0,LOW
U0124,0,0.0,LOW
U0125,0,0.0,LOW
U0126,1,100.0,HIGH
U0127,0,0.0,LOW
U0128,1,100.0,HIGH
U0129,0,0.0,LOW
U0130,0,0.0,LOW
U0131,0,0.0,LOW
U0132,0,0.0,LOW
U0133,0,0.0,LOW
U0134,0,0.0,LOW
U0135,0,0.0,LOW
U0136,0,0.0,LOW
U0137,1,100.0,HIGH
U0138,0,0.0,LOW
U0139,1,100.0,HIGH
U0140,1,99.74,HIGH
U0141,0,0.0,LOW
U0142,1,100.0,HIGH
U0143,0,0.0,LOW
U0144,1,99.91,HIGH
U0145,0,0.0,LOW
U0146,0,0.0,LOW
U0147,0,0.0,LOW
U0148,0,0.0,LOW
U0149,0,0.0,LOW
U0150,1,99.96,HIGH
U0151,0,0.0,LOW
U0152,0,0.0,LOW
U0153,0,0.0,LOW
U0154,0,0.0,LOW
U0155,0,0.0,LOW
U0156,0,0.0,LOW
U0157,0,0.0,LOW
U0158,0,0.0,LOW
U0159,0,0.0,LOW
U0160,0,0.0,LOW
U0161,0,0.0,LOW
U0162,0,0.0,LOW
U0163,0,0.0,LOW
U0164,0,0.0,LOW
U0165,0,0.0,LOW
U0166,0,0.0,LOW
U0167,0,0.0,LOW
U0168,0,0.0,LOW
U0169,0,0.0,LOW
U0170,0,0.0,LOW
U0171,0,0.0,LOW
U0172,0,0.0,LOW
U0173,0,0.0,LOW
U0174,0,0.0,LOW
U0175,0,0.0,LOW
U0176,0,0.0,LOW
U0177,0,0.0,LOW
U0178,0,0.0,LOW
U0179,0,0.0,LOW
U0180,0,0.0,LOW
U0181,0,0.0,LOW
U0182,0,0.0,LOW
U0183,0,0.0,LOW
U0184,0,0.0,LOW
U0185,0,0.0,LOW
U0186,0,0.0,LOW
U0187,0,0.0,LOW
U0188,0,0.0,LOW
U0189,0,0.0,LOW
U0190,0,0.0,LOW
U0191,0,0.0,LOW
U0192,0,0.0,LOW
U0193,0,0.0,LOW
U0194,0,0.0,LOW
U0195,0,0.0,LOW
U0196,0,0.0,LOW
U0197,0,0.0,LOW
U0198,0,0.0,LOW
U0199,0,0.0,LOW
U0200,0,0.0,LOW
U0201,0,0.0,LOW
U0202,0,0.0,LOW
U0203,0,0.0,LOW
U0204,0,0.0,LOW
U0205,0,0.0,LOW
U0206,0,0.0,LOW
U0207,0,0.0,LOW
U0208,0,0.0,LOW
U0209,0,0.0,LOW
U0210,0,0.0,LOW
U0211,0,0.0,LOW
U0212,0,0.0,LOW
U0213,0,0.0,LOW
U0214,0,0.0,LOW
U0215,0,0.0,LOW
U0216,0,0.0,LOW
U0217,0,0.0,LOW
U0218,0,0.0,LOW
U0219,0,0.0,LOW
U0220,0,0.0,LOW
U0221,0,0.0,LOW
U0222,0,0.0,LOW
U0223,0,0.0,LOW
U0224,0,0.0,LOW
U0225,0,0.0,LOW
U0226,0,0.0,LOW
U0227,0,0.0,LOW
U0228,0,0.0,LOW
U0229,0,0.0,LOW
U0230,0,0.0,LOW
U0231,0,0.0,LOW
U0232,0,0.0,LOW
U0233,0,0.0,LOW
U0234,0,0.0,LOW
U0235,0,0.0,LOW
U0236,0,0.0,LOW
U0237,0,0.98,LOW
U0238,0,0.0,LOW
U0239,0,0.0,LOW
U0240,0,0.0,LOW
U0241,0,0.0,LOW
U0242,0,0.0,LOW
U0243,0,0.0,LOW
U0244,0,0.0,LOW
U0245,0,0.0,LOW
U0246,0,0.0,LOW
U0247,0,0.0,LOW
U0248,0,0.0,LOW
U0249,0,0.0,LOW
U0250,0,0.0,LOW
U0251,0,0.0,LOW
U0252,0,0.0,LOW
U0253,0,0.0,LOW
U0254,0,0.0,LOW
U0255,0,0.0,LOW
U0256,0,0.0,LOW
U0257,0,0.0,LOW
U0258,0,0.0,LOW
U0259,0,0.0,LOW
U0260,0,0.0,LOW
U0261,0,0.0,LOW
U0262,0,0.0,LOW
U0263,0,0.0,LOW
U0264,0,0.0,LOW
U0265,0,0.0,LOW
U0266,0,0.0,LOW
U0267,0,0.0,LOW
U0268,0,0.5,LOW
U0269,0,0.0,LOW
U0270,0,0.0,LOW
U0271,0,0.0,LOW
U0272,0,0.0,LOW
U0273,0,0.0,LOW
U0274,0,0.0,LOW
U0275,0,0.0,LOW
U0276,0,0.0,LOW
U0277,0,0.0,LOW
U0278,0,0.0,LOW
U0279,0,0.0,LOW
U0280,0,0.0,LOW
U0281,0,0.0,LOW
U0282,0,0.0,LOW
U0283,0,0.0,LOW
U0284,0,0.0,LOW
U0285,0,0.0,LOW
U0286,0,0.0,LOW
U0287,0,0.0,LOW
U0288,0,0.0,LOW
U0289,0,0.0,LOW
U0290,0,0.0,LOW
U0291,0,0.0,LOW
U0292,0,0.0,LOW
U0293,0,0.0,LOW
U0294,0,0.0,LOW
U0295,0,0.0,LOW
U0296,0,0.0,LOW
U0297,0,0.0,LOW
U0298,0,0.0,LOW
U0299,0,0.0,LOW
U0300,0,0.0,LOW
U0301,0,0.0,LOW
U0302,0,0.0,LOW
U0303,0,0.0,LOW
U0304,0,0.0,LOW
U0305,0,0.0,LOW
U0306,0,0.0,LOW
U0307,0,0.0,LOW
U0308,0,0.0,LOW
U0309,0,0.0,LOW
U0310,0,0.0,LOW
U0311,0,0.0,LOW
U0312,0,0.0,LOW
U0313,0,0.0,LOW
U0314,0,0.0,LOW
U0315,0,0.0,LOW
U0316,0,0.0,LOW
U0317,0,0.0,LOW
U0318,0,0.0,LOW
U0319,0,0.0,LOW
U0320,0,0.0,LOW
U0321,0,0.0,LOW
U0322,0,0.0,LOW
U0323,0,0.0,LOW
U0324,0,0.0,LOW
U0325,0,0.0,LOW
U0326,0,0.0,LOW
U0327,0,0.0,LOW
U0328,0,0.0,LOW
U0329,0,0.0,LOW
U0330,0,0.0,LOW
U0331,0,0.0,LOW
U0332,0,0.0,LOW
U0333,0,0.0,LOW
U0334,0,0.0,LOW
U0335,0,0.0,LOW
U0336,0,0.0,LOW
U0337,0,0.5,LOW
U0338,0,0.0,LOW
U0339,0,0.0,LOW
U0340,0,0.0,LOW
U0341,0,0.0,LOW
U0342,0,0.0,LOW
U0343,0,0.0,LOW
U0344,0,0.0,LOW
U0345,0,0.0,LOW
U0346,0,0.0,LOW
U0347,0,0.0,LOW
U0348,0,0.0,LOW
U0349,0,0.0,LOW
U0350,0,0.0,LOW
U0351,0,0.0,LOW
U0352,0,0.0,LOW
U0353,0,0.0,LOW
U0354,0,0.0,LOW
U0355,0,0.0,LOW
U0356,0,0.0,LOW
U0357,0,0.0,LOW
U0358,0,0.0,LOW
U0359,0,0.0,LOW
U0360,0,0.0,LOW
U0361,0,0.0,LOW
U0362,0,0.0,LOW
U0363,0,0.0,LOW
U0364,0,0.0,LOW
U0365,0,0.0,LOW
U0366,0,0.0,LOW
U0367,0,0.0,LOW
U0368,0,0.0,LOW
U0369,0,0.0,LOW
U0370,0,0.0,LOW
U0371,0,0.0,LOW
U0372,0,0.0,LOW
U0373,0,0.0,LOW
U0374,0,0.0,LOW
U0375,0,0.0,LOW
U0376,0,0.0,LOW
U0377,0,0.0,LOW
U0378,0,0.0,LOW
U0379,0,0.0,LOW
U0380,0,0.0,LOW
U0381,0,0.0,LOW
U0382,0,0.0,LOW
U0383,0,0.0,LOW
U0384,0,0.0,LOW
U0385,0,0.0,LOW
U0386,0,0.0,LOW
U0387,0,0.0,LOW
U0388,0,0.0,LOW
U0389,0,0.0,LOW
U0390,0,0.0,LOW
U0391,0,0.0,LOW
U0392,0,0.0,LOW
U0393,0,0.0,LOW
U0394,0,0.0,LOW
U0395,0,0.0,LOW
U0396,0,0.0,LOW
U0397,0,0.0,LOW
U0398,0,0.0,LOW
U0399,0,0.0,LOW
U0400,0,0.0,LOW
U0401,0,0.0,LOW
U0402,0,0.0,LOW
U0403,0,0.0,LOW
U0404,0,0.0,LOW
U0405,0,0.0,LOW
U0406,0,0.0,LOW
U0407,0,0.0,LOW
U0408,0,0.0,LOW
U0409,0,0.0,LOW
U0410,0,0.0,LOW
U0411,0,0.0,LOW
U0412,0,0.0,LOW
U0413,0,0.0,LOW
U0414,0,0.0,LOW
U0415,0,0.0,LOW
U0416,0,0.0,LOW
U0417,0,0.0,LOW
U0418,0,0.0,LOW
U0419,0,0.0,LOW
U0420,0,0.0,LOW
U0421,0,0.0,LOW
U0422,0,0.0,LOW
U0423,0,0.0,LOW
U0424,0,0.0,LOW
U0425,0,0.0,LOW
U0426,0,0.0,LOW
U0427,0,0.0,LOW
U0428,0,0.0,LOW
U0429,0,0.0,LOW
U0430,0,0.0,LOW
U0431,0,0.0,LOW
U0432,0,0.0,LOW
U0433,0,0.0,LOW
U0434,0,0.0,LOW
U0435,0,0.0,LOW
U0436,0,0.0,LOW
U0437,0,0.0,LOW
U0438,0,0.0,LOW
U0439,0,0.0,LOW
U0440,0,0.0,LOW
U0441,0,0.0,LOW
U0442,0,0.0,LOW
U0443,0,0.0,LOW
U0444,0,0.0,LOW
U0445,0,0.0,LOW
U0446,0,0.0,LOW
U0447,0,0.0,LOW
U0448,0,0.0,LOW
U0449,0,0.0,LOW
U0450,0,0.0,LOW
U0451,0,0.0,LOW
U0452,0,0.0,LOW
U0453,0,0.0,LOW
U0454,0,0.0,LOW
U0455,0,0.0,LOW
U0456,0,0.0,LOW
U0457,0,0.0,LOW
U0458,0,0.0,LOW
U0459,0,0.0,LOW
U0460,0,0.0,LOW
U0461,0,0.0,LOW
U0462,0,0.0,LOW
U0463,0,0.0,LOW
U0464,0,0.0,LOW
U0465,0,0.0,LOW
U0466,0,0.0,LOW
U0467,0,0.0,LOW
U0468,0,0.0,LOW
U0469,0,0.0,LOW
U0470,0,0.0,LOW
U0471,0,0.0,LOW
U0472,0,0.0,LOW
U0473,0,0.0,LOW
U0474,0,0.0,LOW
U0475,0,0.0,LOW
U0476,0,0.0,LOW
U0477,0,0.0,LOW
U0478,0,0.0,LOW
U0479,0,0.0,LOW
U0480,0,0.0,LOW
U0481,0,0.0,LOW
U0482,0,0.0,LOW
U0483,0,0.0,LOW
U0484,0,0.0,LOW
U0485,0,0.0,LOW
U0486,0,0.0,LOW
U0487,0,0.0,LOW
U0488,0,0.0,LOW
U0489,0,0.0,LOW
U0490,0,0.0,LOW
U0491,0,0.0,LOW
U0492,0,0.0,LOW
U0493,0,0.0,LOW
U0494,0,0.0,LOW
U0495,0,0.0,LOW
U0496,0,0.0,LOW
U0497,0,0.0,LOW
U0498,0,0.0,LOW
U0499,0,0.0,LOW
U0500,0,0.0,LOW
U0501,0,0.0,LOW
U0502,0,0.0,LOW
U0503,0,0.0,LOW
U0504,0,0.0,LOW
U0505,0,0.0,LOW
U0506,0,0.0,LOW
U0507,0,0.0,LOW
U0508,0,0.0,LOW
U0509,0,0.0,LOW
U0510,0,0.0,LOW
U0511,0,0.0,LOW
U0512,0,0.0,LOW
U0513,0,0.0,LOW
U0514,0,0.0,LOW
U0515,0,0.48,LOW
U0516,0,0.0,LOW
U0517,0,0.0,LOW
U0518,0,0.0,LOW
U0519,0,0.0,LOW
U0520,0,0.0,LOW
U0521,0,0.0,LOW
U0522,0,0.0,LOW
U0523,0,0.0,LOW
U0524,0,0.0,LOW
U0525,0,0.0,LOW
U0526,0,0.0,LOW
U0527,0,0.0,LOW
U0528,0,0.0,LOW
U0529,0,0.0,LOW
U0530,0,0.0,LOW
U0531,0,0.0,LOW
U0532,0,0.0,LOW
U0533,0,0.0,LOW
U0534,0,0.0,LOW
U0535,0,0.0,LOW
U0536,0,0.0,LOW
U0537,0,0.0,LOW
U0538,0,0.0,LOW
U0539,0,0.0,LOW
U0540,0,0.0,LOW
U0541,0,0.0,LOW
U0542,0,0.0,LOW
U0543,0,0.0,LOW
U0544,0,0.0,LOW
U0545,0,0.0,LOW
U0546,0,0.0,LOW
U0547,0,0.0,LOW
U0548,0,0.0,LOW
U0549,0,0.0,LOW
U0550,0,0.0,LOW
U0551,0,0.0,LOW
U0552,0,0.0,LOW
U0553,0,0.0,LOW
U0554,0,0.0,LOW
U0555,0,0.0,LOW
U0556,0,0.0,LOW
U0557,0,0.0,LOW
U0558,0,0.0,LOW
U0559,0,0.0,LOW
U0560,0,0.0,LOW
U0561,0,0.0,LOW
U0562,0,0.0,LOW
U0563,0,0.0,LOW
U0564,0,0.0,LOW
U0565,0,0.0,LOW
U0566,0,0.0,LOW
U0567,0,0.0,LOW
U0568,0,0.0,LOW
U0569,0,0.0,LOW
U0570,0,0.0,LOW
U0571,0,0.0,LOW
U0572,0,0.0,LOW
U0573,0,0.0,LOW
U0574,0,0.0,LOW
U0575,0,0.46,LOW
U0576,0,0.0,LOW
U0577,0,0.0,LOW
U0578,0,0.0,LOW
U0579,0,0.0,LOW
U0580,0,0.0,LOW
U0581,0,0.0,LOW
U0582,0,0.0,LOW
U0583,0,0.0,LOW
U0584,0,0.0,LOW
U0585,0,0.0,LOW
U0586,0,0.0,LOW
U0587,0,0.0,LOW
U0588,0,0.0,LOW
U0589,0,0.0,LOW
U0590,0,0.0,LOW
U0591,0,0.0,LOW
U0592,0,0.0,LOW
U0593,0,0.0,LOW
U0594,0,0.0,LOW
U0595,0,0.0,LOW
U0596,0,0.0,LOW
U0597,0,0.0,LOW
U0598,0,0.0,LOW
U0599,0,0.0,LOW
U0600,0,0.0,LOW
U0601,0,0.0,LOW
U0602,0,0.0,LOW
U0603,0,0.0,LOW
U0604,0,0.0,LOW
U0605,0,0.0,LOW
U0606,0,0.0,LOW
U0607,0,0.0,LOW
U0608,0,0.0,LOW
U0609,0,0.0,LOW
U0610,0,0.0,LOW
U0611,0,0.0,LOW
U0612,0,0.0,LOW
U0613,0,0.0,LOW
U0614,0,0.0,LOW
U0615,0,0.0,LOW
U0616,0,0.0,LOW
U0617,0,0.0,LOW
U0618,0,0.0,LOW
U0619,0,0.0,LOW
U0620,0,0.0,LOW
U0621,0,0.0,LOW
U0622,0,0.0,LOW
U0623,0,0.0,LOW
U0624,0,0.0,LOW
U0625,0,0.0,LOW
U0626,0,0.96,LOW
U0627,0,0.0,LOW
U0628,0,0.0,LOW
U0629,0,0.0,LOW
U0630,0,0.0,LOW
U0631,0,0.0,LOW
U0632,0,0.0,LOW
U0633,0,0.0,LOW
U0634,0,0.0,LOW
U0635,0,0.0,LOW
U0636,0,0.0,LOW
U0637,0,0.0,LOW
U0638,0,0.0,LOW
U0639,0,0.0,LOW
U0640,0,0.0,LOW
U0641,0,0.0,LOW
U0642,0,0.0,LOW
U0643,0,0.0,LOW
U0644,0,0.0,LOW
U0645,0,0.0,LOW
U0646,0,0.0,LOW
U0647,0,0.0,LOW
U0648,0,0.0,LOW
U0649,0,0.0,LOW
U0650,0,0.0,LOW
U0651,0,0.0,LOW
U0652,0,0.0,LOW
U0653,0,0.0,LOW
U0654,0,0.0,LOW
U0655,0,0.0,LOW
U0656,0,0.0,LOW
U0657,0,0.0,LOW
U0658,0,0.0,LOW
U0659,0,0.0,LOW
U0660,0,0.0,LOW
U0661,0,0.0,LOW
U0662,0,0.0,LOW
U0663,0,0.0,LOW
U0664,0,0.0,LOW
U0665,0,0.0,LOW
U0666,0,0.0,LOW
U0667,0,0.0,LOW
U0668,0,0.0,LOW
U0669,0,0.0,LOW
U0670,0,0.0,LOW
U0671,0,0.0,LOW
U0672,0,0.0,LOW
U0673,0,0.0,LOW
U0674,0,0.0,LOW
U0675,0,0.0,LOW
U0676,0,0.0,LOW
U0677,0,0.0,LOW
U0678,0,0.0,LOW
U0679,0,0.0,LOW
U0680,0,0.0,LOW
U0681,0,0.0,LOW
U0682,0,0.0,LOW
U0683,0,0.0,LOW
U0684,0,0.0,LOW
U0685,0,0.0,LOW
U0686,0,0.0,LOW
U0687,0,0.0,LOW
U0688,0,0.0,LOW
U0689,0,0.0,LOW
U0690,0,0.0,LOW
U0691,0,0.0,LOW
U0692,0,0.0,LOW
U0693,0,0.0,LOW
U0694,0,0.0,LOW
U0695,0,0.0,LOW
U0696,0,0.0,LOW
U0697,0,0.0,LOW
U0698,0,0.0,LOW
U0699,0,0.0,LOW
U0700,0,0.0,LOW
U0701,0,0.0,LOW
U0702,0,0.0,LOW
U0703,0,0.0,LOW
U0704,0,0.0,LOW
U0705,0,0.0,LOW
U0706,0,0.0,LOW
U0707,0,0.0,LOW
U0708,0,0.0,LOW
U0709,0,0.0,LOW
U0710,0,0.0,LOW
U0711,0,0.0,LOW
U0712,0,0.0,LOW
U0713,0,0.0,LOW
U0714,0,0.5,LOW
U0715,0,0.0,LOW
U0716,0,0.0,LOW
U0717,0,0.0,LOW
U0718,0,0.0,LOW
U0719,0,0.0,LOW
U0720,0,0.0,LOW
U0721,0,0.0,LOW
U0722,0,0.0,LOW
U0723,0,0.0,LOW
U0724,0,0.0,LOW
U0725,0,0.0,LOW
U0726,0,0.0,LOW
U0727,0,0.0,LOW
U0728,0,0.0,LOW
U0729,0,0.0,LOW
U0730,0,0.0,LOW
U0731,0,0.0,LOW
U0732,0,0.0,LOW
U0733,0,0.0,LOW
U0734,0,0.0,LOW
U0735,0,0.0,LOW
U0736,0,0.0,LOW
U0737,0,0.0,LOW
U0738,0,0.0,LOW
U0739,0,0.0,LOW
U0740,0,0.0,LOW
U0741,0,0.0,LOW
U0742,0,0.0,LOW
U0743,0,0.0,LOW
U0744,0,0.0,LOW
U0745,0,0.0,LOW
U0746,0,0.0,LOW
U0747,0,0.0,LOW
U0748,0,0.0,LOW
U0749,0,0.0,LOW
U0750,0,0.0,LOW
U0751,0,0.0,LOW
U0752,0,0.0,LOW
U0753,0,0.0,LOW
U0754,0,0.0,LOW
U0755,0,0.0,LOW
U0756,0,0.0,LOW
U0757,0,0.0,LOW
U0758,0,0.0,LOW
U0759,0,0.0,LOW
U0760,0,0.0,LOW
U0761,0,0.0,LOW
U0762,0,0.0,LOW
U0763,0,0.0,LOW
U0764,0,0.0,LOW
U0765,0,0.0,LOW
U0766,0,0.0,LOW
U0767,0,0.0,LOW
U0768,0,0.0,LOW
U0769,0,0.0,LOW
U0770,0,0.0,LOW
U0771,0,0.0,LOW
U0772,0,0.0,LOW
U0773,0,0.0,LOW
U0774,0,0.0,LOW
U0775,0,0.0,LOW
U0776,0,0.0,LOW
U0777,0,0.0,LOW
U0778,0,0.0,LOW
U0779,0,0.0,LOW
U0780,0,0.0,LOW
U0781,0,0.0,LOW
U0782,0,0.0,LOW
U0783,0,0.0,LOW
U0784,0,0.0,LOW
U0785,0,0.0,LOW
U0786,0,0.0,LOW
U0787,0,0.0,LOW
U0788,1,61.41,MEDIUM
U0789,0,0.0,LOW
U0790,0,0.0,LOW
U0791,0,0.0,LOW
U0792,0,0.0,LOW
U0793,0,0.0,LOW
U0794,0,0.0,LOW
U0795,0,0.0,LOW
U0796,0,0.0,LOW
U0797,0,0.0,LOW
U0798,0,0.0,LOW
U0799,0,0.0,LOW
U0800,0,0.0,LOW
U0801,0,0.0,LOW
U0802,0,0.0,LOW
U0803,0,0.0,LOW
U0804,0,0.0,LOW
U0805,0,0.0,LOW
U0806,0,0.0,LOW
U0807,0,0.0,LOW
U0808,0,0.0,LOW
U0809,0,0.0,LOW
U0810,0,0.0,LOW
U0811,0,0.0,LOW
U0812,0,0.0,LOW
U0813,0,0.0,LOW
U0814,0,0.0,LOW
U0815,0,0.0,LOW
U0816,0,0.0,LOW
U0817,0,0.0,LOW
U0818,0,0.0,LOW
U0819,0,0.0,LOW
U0820,0,0.0,LOW
U0821,0,0.0,LOW
U0822,0,0.0,LOW
U0823,0,0.0,LOW
U0824,0,0.0,LOW
U0825,0,0.0,LOW
U0826,0,0.0,LOW
U0827,0,0.0,LOW
U0828,0,0.0,LOW
U0829,0,0.0,LOW
U0830,0,0.0,LOW
U0831,0,0.0,LOW
U0832,0,0.0,LOW
U0833,0,0.0,LOW
U0834,0,0.0,LOW
U0835,0,0.0,LOW
U0836,0,0.0,LOW
U0837,0,0.0,LOW
U0838,0,0.0,LOW
U0839,0,0.0,LOW
U0840,0,0.0,LOW
U0841,0,0.0,LOW
U0842,0,0.0,LOW
U0843,0,0.0,LOW
U0844,0,0.0,LOW
U0845,0,0.0,LOW
U0846,0,0.0,LOW
U0847,0,0.0,LOW
U0848,0,0.0,LOW
U0849,0,0.0,LOW
U0850,0,0.0,LOW
U0851,0,0.0,LOW
U0852,0,0.0,LOW
U0853,0,0.0,LOW
U0854,0,0.0,LOW
U0855,0,0.0,LOW
U0856,0,0.0,LOW
U0857,0,0.0,LOW
U0858,0,0.0,LOW
U0859,0,0.0,LOW
U0860,0,0.0,LOW
U0861,0,0.0,LOW
U0862,0,0.0,LOW
U0863,0,0.0,LOW
U0864,0,0.0,LOW
U0865,0,0.0,LOW
U0866,0,0.0,LOW
U0867,0,0.0,LOW
U0868,0,0.0,LOW
U0869,0,0.0,LOW
U0870,0,0.0,LOW
U0871,0,0.0,LOW
U0872,0,0.0,LOW
U0873,0,0.0,LOW
U0874,0,0.5,LOW
U0875,0,0.0,LOW
U0876,0,0.0,LOW
U0877,0,0.0,LOW
U0878,0,0.0,LOW
U0879,0,0.0,LOW
U0880,0,0.0,LOW
U0881,0,0.0,LOW
U0882,0,0.0,LOW
U0883,0,0.0,LOW
U0884,0,0.0,LOW
U0885,0,0.0,LOW
U0886,0,0.0,LOW
U0887,0,0.0,LOW
U0888,0,0.0,LOW
U0889,0,0.0,LOW
U0890,0,0.0,LOW
U0891,0,0.0,LOW
U0892,0,0.0,LOW
U0893,0,0.0,LOW
U0894,0,0.0,LOW
U0895,0,0.0,LOW
U0896,0,0.0,LOW
U0897,0,0.0,LOW
U0898,0,0.0,LOW
U0899,0,0.0,LOW
U0900,0,0.0,LOW
U0901,0,0.0,LOW
U0902,0,0.0,LOW
U0903,0,0.0,LOW
U0904,0,0.0,LOW
U0905,0,0.0,LOW
U0906,0,0.0,LOW
U0907,0,0.0,LOW
U0908,0,0.0,LOW
U0909,0,0.0,LOW
U0910,0,0.0,LOW
U0911,0,0.0,LOW
U0912,0,0.0,LOW
U0913,0,0.0,LOW
U0914,0,0.0,LOW
U0915,0,0.0,LOW
U0916,0,0.0,LOW
U0917,0,0.0,LOW
U0918,0,0.0,LOW
U0919,0,0.0,LOW
U0920,0,0.0,LOW
U0921,0,0.0,LOW
U0922,0,0.0,LOW
U0923,0,0.0,LOW
U0924,0,0.0,LOW
U0925,0,0.0,LOW
U0926,0,0.0,LOW
U0927,0,0.0,LOW
U0928,0,0.0,LOW
U0929,0,0.0,LOW
U0930,0,0.0,LOW
U0931,0,0.0,LOW
U0932,0,0.0,LOW
U0933,0,0.0,LOW
U0934,0,0.0,LOW
U0935,0,0.0,LOW
U0936,0,0.0,LOW
U0937,0,0.0,LOW
U0938,0,0.0,LOW
U0939,0,0.0,LOW
U0940,0,0.0,LOW
U0941,0,0.0,LOW
U0942,0,0.0,LOW
U0943,0,0.0,LOW
U0944,0,0.0,LOW
U0945,0,0.0,LOW
U0946,0,0.0,LOW
U0947,0,0.0,LOW
U0948,0,0.0,LOW
U0949,0,0.0,LOW
U0950,0,0.0,LOW
U0951,0,0.0,LOW
U0952,0,0.0,LOW
U0953,0,0.0,LOW
U0954,0,0.0,LOW
U0955,0,0.0,LOW
U0956,0,0.0,LOW
U0957,0,0.0,LOW
U0958,0,0.0,LOW
U0959,0,0.0,LOW
U0960,0,0.0,LOW
U0961,0,0.0,LOW
U0962,0,0.0,LOW
U0963,0,0.0,LOW
U0964,0,0.0,LOW
U0965,0,0.0,LOW
U0966,0,0.0,LOW
U0967,0,0.0,LOW
U0968,0,0.0,LOW
U0969,0,0.0,LOW
U0970,0,0.0,LOW
U0971,0,0.0,LOW
U0972,0,0.0,LOW
U0973,0,0.0,LOW
U0974,0,0.0,LOW
U0975,0,0.0,LOW
U0976,0,0.0,LOW
U0977,0,0.0,LOW
U0978,0,0.0,LOW
U0979,0,0.0,LOW
U0980,0,0.0,LOW
U0981,0,0.0,LOW
U0982,0,0.0,LOW
U0983,0,0.0,LOW
U0984,0,0.0,LOW
U0985,0,0.0,LOW
U0986,0,0.0,LOW
U0987,0,0.0,LOW
U0988,0,0.0,LOW
U0989,0,0.0,LOW
U0990,0,0.0,LOW
U0991,0,0.0,LOW
U0992,0,0.0,LOW
U0993,0,0.0,LOW
U0994,0,0.0,LOW
U0995,0,0.0,LOW
U0996,0,0.0,LOW
U0997,0,0.0,LOW
U0998,0,0.0,LOW
U0999,0,0.0,LOW
U1000,0,0.0,LOW
