user_id,risk_score,risk_level,ml_prediction,ml_suspicious_probability,ml_risk_level,actual_suspicious,rule_prediction
U0001,30.0,LOW,1,97.5,HIGH,1,0
U0002,24.0,LOW,1,99.94,HIGH,1,0
U0003,1.33,LOW,0,0.0,LOW,0,0
U0004,24.0,LOW,1,99.91,HIGH,1,0
U0005,36.0,LOW,1,100.0,HIGH,1,0
U0006,36.0,LOW,1,99.96,HIGH,1,0
U0007,0.0,LOW,0,0.0,LOW,0,0
U0008,0.0,LOW,0,0.0,LOW,0,0
U0009,0.0,LOW,0,0.0,LOW,0,0
U0010,0.0,LOW,0,0.0,LOW,0,0
U0011,0.0,LOW,0,0.0,LOW,0,0
U0012,0.0,LOW,0,0.0,LOW,0,0
U0013,0.0,LOW,0,0.0,LOW,0,0
U0014,30.09,LOW,1,99.64,HIGH,1,0
U0015,36.06,LOW,1,99.75,HIGH,1,0
U0016,36.0,LOW,1,100.0,HIGH,1,0
U0017,0.0,LOW,0,0.0,LOW,0,0
U0018,0.0,LOW,0,0.0,LOW,0,0
U0019,0.0,LOW,0,0.0,LOW,0,0
U0020,0.0,LOW,0,0.0,LOW,0,0
U0021,0.0,LOW,0,0.0,LOW,0,0
U0022,0.0,LOW,0,0.0,LOW,0,0
U0023,0.0,LOW,0,0.0,LOW,0,0
U0024,0.0,LOW,0,0.0,LOW,0,0
U0025,24.67,LOW,1,99.94,HIGH,1,0
U0026,0.0,LOW,0,0.0,LOW,0,0
U0027,0.0,LOW,0,0.0,LOW,0,0
U0028,0.0,LOW,0,0.0,LOW,0,0
U0029,0.0,LOW,0,0.0,LOW,0,0
U0030,0.0,LOW,0,0.0,LOW,0,0
U0031,30.0,LOW,1,100.0,HIGH,1,0
U0032,0.0,LOW,0,0.0,LOW,0,0
U0033,0.0,LOW,0,0.0,LOW,0,0
U0034,0.0,LOW,0,0.0,LOW,0,0
U0035,0.0,LOW,0,0.0,LOW,0,0
U0036,0.0,LOW,0,0.0,LOW,0,0
U0037,0.0,LOW,0,0.0,LOW,0,0
U0038,0.0,LOW,0,0.0,LOW,0,0
U0039,7.67,LOW,0,0.0,LOW,0,0
U0040,0.0,LOW,0,0.0,LOW,0,0
U0041,0.0,LOW,0,0.0,LOW,0,0
U0042,30.0,LOW,1,100.0,HIGH,1,0
U0043,0.0,LOW,0,0.0,LOW,0,0
U0044,0.0,LOW,0,0.0,LOW,0,0
U0045,0.0,LOW,0,0.0,LOW,0,0
U0046,0.0,LOW,0,0.0,LOW,0,0
U0047,0.0,LOW,0,0.0,LOW,0,0
U0048,0.0,LOW,0,0.0,LOW,0,0
U0049,0.0,LOW,0,0.0,LOW,0,0
U0050,30.0,LOW,1,98.0,HIGH,1,0
U0051,32.68,LOW,1,98.83,HIGH,1,0
U0052,33.8,LOW,1,99.4,HIGH,1,0
U0053,35.32,LOW,1,99.43,HIGH,1,0
U0054,33.14,LOW,1,98.83,HIGH,1,0
U0055,33.76,LOW,1,98.28,HIGH,1,0
U0056,36.68,LOW,1,98.9,HIGH,1,0
U0057,34.35,LOW,1,98.79,HIGH,1,0
U0058,47.42,MEDIUM,1,100.0,HIGH,1,0
U0059,36.48,LOW,1,98.78,HIGH,1,0
U0060,32.02,LOW,1,99.43,HIGH,1,0
U0061,70.57,HIGH,1,100.0,HIGH,1,1
U0062,66.47,MEDIUM,1,100.0,HIGH,1,0
U0063,55.04,MEDIUM,1,99.65,HIGH,1,0
U0064,76.71,HIGH,1,100.0,HIGH,1,1
U0065,64.27,MEDIUM,1,100.0,HIGH,1,0
U0066,75.49,HIGH,1,100.0,HIGH,1,1
U0067,67.27,MEDIUM,1,99.34,HIGH,1,0
U0068,55.04,MEDIUM,1,99.2,HIGH,1,0
U0069,53.64,MEDIUM,1,99.95,HIGH,1,0
U0070,65.07,MEDIUM,1,100.0,HIGH,1,0
U0071,70.64,HIGH,1,100.0,HIGH,1,1
U0072,67.21,MEDIUM,1,100.0,HIGH,1,0
U0073,64.66,MEDIUM,1,100.0,HIGH,1,0
U0074,55.06,MEDIUM,1,99.98,HIGH,1,0
U0075,64.61,MEDIUM,1,100.0,HIGH,1,0
U0076,75.69,HIGH,1,99.96,HIGH,1,1
U0077,63.51,MEDIUM,1,100.0,HIGH,1,0
U0078,64.46,MEDIUM,1,99.81,HIGH,1,0
U0079,65.29,MEDIUM,1,99.44,HIGH,1,0
U0080,69.68,MEDIUM,1,100.0,HIGH,1,0
U0081,53.61,MEDIUM,1,99.82,HIGH,1,0
U0082,85.88,HIGH,1,100.0,HIGH,1,1
U0083,70.3,HIGH,1,100.0,HIGH,1,1
U0084,55.04,MEDIUM,1,99.75,HIGH,1,0
U0085,55.04,MEDIUM,1,99.93,HIGH,1,0
U0086,67.38,MEDIUM,1,100.0,HIGH,1,0
U0087,55.05,MEDIUM,1,99.69,HIGH,1,0
U0088,65.84,MEDIUM,1,99.44,HIGH,1,0
U0089,53.62,MEDIUM,1,99.59,HIGH,1,0
U0090,66.25,MEDIUM,1,100.0,HIGH,1,0
U0091,0.0,LOW,0,0.0,LOW,0,0
U0092,0.0,LOW,0,0.0,LOW,0,0
U0093,0.0,LOW,0,0.0,LOW,0,0
U0094,0.0,LOW,0,0.0,LOW,0,0
U0095,0.0,LOW,0,0.0,LOW,0,0
U0096,36.0,LOW,1,100.0,HIGH,1,0
U0097,0.0,LOW,0,0.0,LOW,0,0
U0098,0.0,LOW,0,0.0,LOW,0,0
U0099,30.0,LOW,1,100.0,HIGH,1,0
U0100,36.08,LOW,1,99.69,HIGH,1,0
U0101,0.0,LOW,0,0.0,LOW,0,0
U0102,30.0,LOW,1,100.0,HIGH,1,0
U0103,0.0,LOW,0,0.0,LOW,0,0
U0104,0.0,LOW,0,0.0,LOW,0,0
U0105,0.0,LOW,0,0.0,LOW,0,0
U0106,0.0,LOW,0,0.0,LOW,0,0
U0107,30.04,LOW,1,99.4,HIGH,1,0
U0108,0.0,LOW,0,0.0,LOW,0,0
U0109,0.0,LOW,0,0.0,LOW,0,0
U0110,0.0,LOW,0,0.0,LOW,0,0
U0111,0.0,LOW,0,0.0,LOW,0,0
U0112,24.0,LOW,1,99.35,HIGH,1,0
U0113,36.0,LOW,1,100.0,HIGH,1,0
U0114,30.0,LOW,1,100.0,HIGH,1,0
U0115,0.0,LOW,0,0.0,LOW,0,0
U0116,0.0,LOW,0,0.0,LOW,0,0
U0117,0.0,LOW,0,0.0,LOW,0,0
U0118,36.0,LOW,1,100.0,HIGH,1,0
U0119,0.0,LOW,0,0.0,LOW,0,0
U0120,30.0,LOW,1,98.99,HIGH,1,0
U0121,36.0,LOW,1,100.0,HIGH,1,0
U0122,0.0,LOW,0,0.0,LOW,0,0
U0123,0.0,LOW,0,0.0,LOW,0,0
U0124,0.0,LOW,0,0.0,LOW,0,0
U0125,0.0,LOW,0,0.0,LOW,0,0
U0126,30.0,LOW,1,100.0,HIGH,1,0
U0127,0.0,LOW,0,0.0,LOW,0,0
U0128,30.0,LOW,1,100.0,HIGH,1,0
U0129,0.0,LOW,0,0.0,LOW,0,0
U0130,0.0,LOW,0,0.0,LOW,0,0
U0131,0.0,LOW,0,0.0,LOW,0,0
U0132,0.0,LOW,0,0.0,LOW,0,0
U0133,0.0,LOW,0,0.0,LOW,0,0
U0134,0.0,LOW,0,0.0,LOW,0,0
U0135,0.0,LOW,0,0.0,LOW,0,0
U0136,0.0,LOW,0,0.0,LOW,0,0
U0137,30.0,LOW,1,100.0,HIGH,1,0
U0138,0.0,LOW,0,0.0,LOW,0,0
U0139,30.0,LOW,1,100.0,HIGH,1,0
U0140,30.0,LOW,1,99.74,HIGH,1,0
U0141,0.0,LOW,0,0.0,LOW,0,0
U0142,36.0,LOW,1,100.0,HIGH,1,0
U0143,0.0,LOW,0,0.0,LOW,0,0
U0144,24.0,LOW,1,99.91,HIGH,1,0
U0145,0.0,LOW,0,0.0,LOW,0,0
U0146,0.0,LOW,0,0.0,LOW,0,0
U0147,0.0,LOW,0,0.0,LOW,0,0
U0148,0.0,LOW,0,0.0,LOW,0,0
U0149,0.0,LOW,0,0.0,LOW,0,0
U0150,30.0,LOW,1,99.96,HIGH,1,0
U0151,22.01,LOW,0,0.0,LOW,0,0
U0152,21.0,LOW,0,0.0,LOW,0,0
U0153,21.84,LOW,0,0.0,LOW,0,0
U0154,22.16,LOW,0,0.0,LOW,0,0
U0155,21.01,LOW,0,0.0,LOW,0,0
U0156,21.0,LOW,0,0.0,LOW,0,0
U0157,22.51,LOW,0,0.0,LOW,0,0
U0158,21.0,LOW,0,0.0,LOW,0,0
U0159,21.01,LOW,0,0.0,LOW,0,0
U0160,21.01,LOW,0,0.0,LOW,0,0
U0161,21.0,LOW,0,0.0,LOW,0,0
U0162,21.01,LOW,0,0.0,LOW,0,0
U0163,23.01,LOW,0,0.0,LOW,0,0
U0164,22.51,LOW,0,0.0,LOW,0,0
U0165,22.37,LOW,0,0.0,LOW,0,0
U0166,22.88,LOW,0,0.0,LOW,0,0
U0167,22.08,LOW,0,0.0,LOW,0,0
U0168,27.0,LOW,0,0.0,LOW,0,0
U0169,21.0,LOW,0,0.0,LOW,0,0
U0170,22.5,LOW,0,0.0,LOW,0,0
U0171,21.01,LOW,0,0.0,LOW,0,0
U0172,21.01,LOW,0,0.0,LOW,0,0
U0173,22.37,LOW,0,0.0,LOW,0,0
U0174,21.01,LOW,0,0.0,LOW,0,0
U0175,21.01,LOW,0,0.0,LOW,0,0
U0176,28.88,LOW,0,0.0,LOW,0,0
U0177,21.0,LOW,0,0.0,LOW,0,0
U0178,28.16,LOW,0,0.0,LOW,0,0
U0179,22.37,LOW,0,0.0,LOW,0,0
U0180,21.01,LOW,0,0.0,LOW,0,0
U0181,21.01,LOW,0,0.0,LOW,0,0
U0182,23.51,LOW,0,0.0,LOW,0,0
U0183,24.75,LOW,0,0.0,LOW,0,0
U0184,21.89,LOW,0,0.0,LOW,0,0
U0185,21.01,LOW,0,0.0,LOW,0,0
U0186,23.15,LOW,0,0.0,LOW,0,0
U0187,21.01,LOW,0,0.0,LOW,0,0
U0188,22.5,LOW,0,0.0,LOW,0,0
U0189,29.15,LOW,0,0.0,LOW,0,0
U0190,21.01,LOW,0,0.0,LOW,0,0
U0191,21.01,LOW,0,0.0,LOW,0,0
U0192,21.0,LOW,0,0.0,LOW,0,0
U0193,22.37,LOW,0,0.0,LOW,0,0
U0194,21.01,LOW,0,0.0,LOW,0,0
U0195,23.51,LOW,0,0.0,LOW,0,0
U0196,27.01,LOW,0,0.0,LOW,0,0
U0197,21.01,LOW,0,0.0,LOW,0,0
U0198,22.26,LOW,0,0.0,LOW,0,0
U0199,21.0,LOW,0,0.0,LOW,0,0
U0200,21.01,LOW,0,0.0,LOW,0,0
U0201,22.5,LOW,0,0.0,LOW,0,0
U0202,21.0,LOW,0,0.0,LOW,0,0
U0203,23.01,LOW,0,0.0,LOW,0,0
U0204,22.16,LOW,0,0.0,LOW,0,0
U0205,21.01,LOW,0,0.0,LOW,0,0
U0206,21.01,LOW,0,0.0,LOW,0,0
U0207,22.01,LOW,0,0.0,LOW,0,0
U0208,23.15,LOW,0,0.0,LOW,0,0
U0209,21.0,LOW,0,0.0,LOW,0,0
U0210,21.01,LOW,0,0.0,LOW,0,0
U0211,23.51,LOW,0,0.0,LOW,0,0
U0212,23.31,LOW,0,0.0,LOW,0,0
U0213,29.67,LOW,0,0.0,LOW,0,0
U0214,21.0,LOW,0,0.0,LOW,0,0
U0215,23.66,LOW,0,0.0,LOW,0,0
U0216,27.01,LOW,0,0.0,LOW,0,0
U0217,22.37,LOW,0,0.0,LOW,0,0
U0218,23.15,LOW,0,0.0,LOW,0,0
U0219,22.37,LOW,0,0.0,LOW,0,0
U0220,21.01,LOW,0,0.0,LOW,0,0
U0221,22.67,LOW,0,0.0,LOW,0,0
U0222,23.73,LOW,0,0.0,LOW,0,0
U0223,30.0,LOW,0,0.0,LOW,0,0
U0224,21.0,LOW,0,0.0,LOW,0,0
U0225,22.77,LOW,0,0.0,LOW,0,0
U0226,21.01,LOW,0,0.0,LOW,0,0
U0227,23.26,LOW,0,0.0,LOW,0,0
U0228,23.01,LOW,0,0.0,LOW,0,0
U0229,21.01,LOW,0,0.0,LOW,0,0
U0230,21.01,LOW,0,0.0,LOW,0,0
U0231,22.51,LOW,0,0.0,LOW,0,0
U0232,22.26,LOW,0,0.0,LOW,0,0
U0233,21.0,LOW,0,0.0,LOW,0,0
U0234,21.0,LOW,0,0.0,LOW,0,0
U0235,23.26,LOW,0,0.0,LOW,0,0
U0236,21.0,LOW,0,0.0,LOW,0,0
U0237,21.0,LOW,0,0.98,LOW,0,0
U0238,21.0,LOW,0,0.0,LOW,0,0
U0239,21.0,LOW,0,0.0,LOW,0,0
U0240,21.01,LOW,0,0.0,LOW,0,0
U0241,22.88,LOW,0,0.0,LOW,0,0
U0242,21.01,LOW,0,0.0,LOW,0,0
U0243,23.32,LOW,0,0.0,LOW,0,0
U0244,31.83,LOW,0,0.0,LOW,0,0
U0245,24.01,LOW,0,0.0,LOW,0,0
U0246,22.51,LOW,0,0.0,LOW,0,0
U0247,21.0,LOW,0,0.0,LOW,0,0
U0248,26.48,LOW,0,0.0,LOW,0,0
U0249,21.01,LOW,0,0.0,LOW,0,0
U0250,22.88,LOW,0,0.0,LOW,0,0
U0251,21.01,LOW,0,0.0,LOW,0,0
U0252,21.0,LOW,0,0.0,LOW,0,0
U0253,21.01,LOW,0,0.0,LOW,0,0
U0254,21.01,LOW,0,0.0,LOW,0,0
U0255,21.01,LOW,0,0.0,LOW,0,0
U0256,21.01,LOW,0,0.0,LOW,0,0
U0257,22.08,LOW,0,0.0,LOW,0,0
U0258,22.08,LOW,0,0.0,LOW,0,0
U0259,21.01,LOW,0,0.0,LOW,0,0
U0260,22.01,LOW,0,0.0,LOW,0,0
U0261,21.0,LOW,0,0.0,LOW,0,0
U0262,21.01,LOW,0,0.0,LOW,0,0
U0263,24.76,LOW,0,0.0,LOW,0,0
U0264,21.01,LOW,0,0.0,LOW,0,0
U0265,22.37,LOW,0,0.0,LOW,0,0
U0266,24.75,LOW,0,0.0,LOW,0,0
U0267,22.37,LOW,0,0.0,LOW,0,0
U0268,15.0,LOW,0,0.5,LOW,0,0
U0269,22.01,LOW,0,0.0,LOW,0,0
U0270,22.67,LOW,0,0.0,LOW,0,0
U0271,22.26,LOW,0,0.0,LOW,0,0
U0272,21.01,LOW,0,0.0,LOW,0,0
U0273,22.37,LOW,0,0.0,LOW,0,0
U0274,23.51,LOW,0,0.0,LOW,0,0
U0275,21.0,LOW,0,0.0,LOW,0,0
U0276,15.0,LOW,0,0.0,LOW,0,0
U0277,27.01,LOW,0,0.0,LOW,0,0
U0278,23.73,LOW,0,0.0,LOW,0,0
U0279,21.0,LOW,0,0.0,LOW,0,0
U0280,22.77,LOW,0,0.0,LOW,0,0
U0281,21.0,LOW,0,0.0,LOW,0,0
U0282,22.67,LOW,0,0.0,LOW,0,0
U0283,22.26,LOW,0,0.0,LOW,0,0
U0284,22.01,LOW,0,0.0,LOW,0,0
U0285,22.59,LOW,0,0.0,LOW,0,0
U0286,22.88,LOW,0,0.0,LOW,0,0
U0287,24.76,LOW,0,0.0,LOW,0,0
U0288,21.0,LOW,0,0.0,LOW,0,0
U0289,22.16,LOW,0,0.0,LOW,0,0
U0290,22.26,LOW,0,0.0,LOW,0,0
U0291,23.01,LOW,0,0.0,LOW,0,0
U0292,21.01,LOW,0,0.0,LOW,0,0
U0293,22.16,LOW,0,0.0,LOW,0,0
U0294,24.47,LOW,0,0.0,LOW,0,0
U0295,22.08,LOW,0,0.0,LOW,0,0
U0296,22.26,LOW,0,0.0,LOW,0,0
U0297,23.15,LOW,0,0.0,LOW,0,0
U0298,23.15,LOW,0,0.0,LOW,0,0
U0299,21.0,LOW,0,0.0,LOW,0,0
U0300,22.08,LOW,0,0.0,LOW,0,0
U0301,21.0,LOW,0,0.0,LOW,0,0
U0302,22.16,LOW,0,0.0,LOW,0,0
U0303,22.88,LOW,0,0.0,LOW,0,0
U0304,21.0,LOW,0,0.0,LOW,0,0
U0305,21.01,LOW,0,0.0,LOW,0,0
U0306,25.34,LOW,0,0.0,LOW,0,0
U0307,22.26,LOW,0,0.0,LOW,0,0
U0308,29.87,LOW,0,0.0,LOW,0,0
U0309,23.01,LOW,0,0.0,LOW,0,0
U0310,21.01,LOW,0,0.0,LOW,0,0
U0311,22.37,LOW,0,0.0,LOW,0,0
U0312,28.34,LOW,0,0.0,LOW,0,0
U0313,21.0,LOW,0,0.0,LOW,0,0
U0314,21.01,LOW,0,0.0,LOW,0,0
U0315,21.0,LOW,0,0.0,LOW,0,0
U0316,22.67,LOW,0,0.0,LOW,0,0
U0317,22.16,LOW,0,0.0,LOW,0,0
U0318,21.01,LOW,0,0.0,LOW,0,0
U0319,21.01,LOW,0,0.0,LOW,0,0
U0320,23.38,LOW,0,0.0,LOW,0,0
U0321,22.08,LOW,0,0.0,LOW,0,0
U0322,22.26,LOW,0,0.0,LOW,0,0
U0323,24.76,LOW,0,0.0,LOW,0,0
U0324,21.0,LOW,0,0.0,LOW,0,0
U0325,21.01,LOW,0,0.0,LOW,0,0
U0326,21.01,LOW,0,0.0,LOW,0,0
U0327,29.38,LOW,0,0.0,LOW,0,0
U0328,21.89,LOW,0,0.0,LOW,0,0
U0329,21.0,LOW,0,0.0,LOW,0,0
U0330,21.95,LOW,0,0.0,LOW,0,0
U0331,22.37,LOW,0,0.0,LOW,0,0
U0332,21.01,LOW,0,0.0,LOW,0,0
U0333,15.0,LOW,0,0.0,LOW,0,0
U0334,22.08,LOW,0,0.0,LOW,0,0
U0335,24.76,LOW,0,0.0,LOW,0,0
U0336,22.67,LOW,0,0.0,LOW,0,0
U0337,16.51,LOW,0,0.5,LOW,0,0
U0338,21.01,LOW,0,0.0,LOW,0,0
U0339,22.67,LOW,0,0.0,LOW,0,0
U0340,22.16,LOW,0,0.0,LOW,0,0
U0341,21.0,LOW,0,0.0,LOW,0,0
U0342,22.88,LOW,0,0.0,LOW,0,0
U0343,22.67,LOW,0,0.0,LOW,0,0
U0344,31.51,LOW,0,0.0,LOW,0,0
U0345,23.73,LOW,0,0.0,LOW,0,0
U0346,22.01,LOW,0,0.0,LOW,0,0
U0347,22.37,LOW,0,0.0,LOW,0,0
U0348,22.88,LOW,0,0.0,LOW,0,0
U0349,21.01,LOW,0,0.0,LOW,0,0
U0350,22.16,LOW,0,0.0,LOW,0,0
U0351,21.01,LOW,0,0.0,LOW,0,0
U0352,22.26,LOW,0,0.0,LOW,0,0
U0353,21.0,LOW,0,0.0,LOW,0,0
U0354,21.01,LOW,0,0.0,LOW,0,0
U0355,21.01,LOW,0,0.0,LOW,0,0
U0356,22.26,LOW,0,0.0,LOW,0,0
U0357,23.51,LOW,0,0.0,LOW,0,0
U0358,24.34,LOW,0,0.0,LOW,0,0
U0359,22.67,LOW,0,0.0,LOW,0,0
U0360,21.0,LOW,0,0.0,LOW,0,0
U0361,22.68,LOW,0,0.0,LOW,0,0
U0362,21.01,LOW,0,0.0,LOW,0,0
U0363,21.0,LOW,0,0.0,LOW,0,0
U0364,21.0,LOW,0,0.0,LOW,0,0
U0365,21.01,LOW,0,0.0,LOW,0,0
U0366,21.01,LOW,0,0.0,LOW,0,0
U0367,22.37,LOW,0,0.0,LOW,0,0
U0368,21.01,LOW,0,0.0,LOW,0,0
U0369,23.31,LOW,0,0.0,LOW,0,0
U0370,22.67,LOW,0,0.0,LOW,0,0
U0371,21.01,LOW,0,0.0,LOW,0,0
U0372,21.01,LOW,0,0.0,LOW,0,0
U0373,24.76,LOW,0,0.0,LOW,0,0
U0374,22.16,LOW,0,0.0,LOW,0,0
U0375,23.51,LOW,0,0.0,LOW,0,0
U0376,24.34,LOW,0,0.0,LOW,0,0
U0377,28.37,LOW,0,0.0,LOW,0,0
U0378,27.01,LOW,0,0.0,LOW,0,0
U0379,22.26,LOW,0,0.0,LOW,0,0
U0380,23.31,LOW,0,0.0,LOW,0,0
U0381,23.15,LOW,0,0.0,LOW,0,0
U0382,22.51,LOW,0,0.0,LOW,0,0
U0383,21.01,LOW,0,0.0,LOW,0,0
U0384,22.16,LOW,0,0.0,LOW,0,0
U0385,21.0,LOW,0,0.0,LOW,0,0
U0386,28.01,LOW,0,0.0,LOW,0,0
U0387,22.37,LOW,0,0.0,LOW,0,0
U0388,21.0,LOW,0,0.0,LOW,0,0
U0389,21.01,LOW,0,0.0,LOW,0,0
U0390,25.67,LOW,0,0.0,LOW,0,0
U0391,21.01,LOW,0,0.0,LOW,0,0
U0392,22.67,LOW,0,0.0,LOW,0,0
U0393,23.5,LOW,0,0.0,LOW,0,0
U0394,22.37,LOW,0,0.0,LOW,0,0
U0395,22.51,LOW,0,0.0,LOW,0,0
U0396,21.0,LOW,0,0.0,LOW,0,0
U0397,22.26,LOW,0,0.0,LOW,0,0
U0398,21.01,LOW,0,0.0,LOW,0,0
U0399,22.37,LOW,0,0.0,LOW,0,0
U0400,21.01,LOW,0,0.0,LOW,0,0
U0401,24.34,LOW,0,0.0,LOW,0,0
U0402,23.01,LOW,0,0.0,LOW,0,0
U0403,21.0,LOW,0,0.0,LOW,0,0
U0404,21.01,LOW,0,0.0,LOW,0,0
U0405,28.88,LOW,0,0.0,LOW,0,0
U0406,22.26,LOW,0,0.0,LOW,0,0
U0407,23.51,LOW,0,0.0,LOW,0,0
U0408,36.01,LOW,0,0.0,LOW,0,0
U0409,21.0,LOW,0,0.0,LOW,0,0
U0410,21.0,LOW,0,0.0,LOW,0,0
U0411,21.01,LOW,0,0.0,LOW,0,0
U0412,22.77,LOW,0,0.0,LOW,0,0
U0413,21.01,LOW,0,0.0,LOW,0,0
U0414,21.89,LOW,0,0.0,LOW,0,0
U0415,22.88,LOW,0,0.0,LOW,0,0
U0416,21.01,LOW,0,0.0,LOW,0,0
U0417,24.01,LOW,0,0.0,LOW,0,0
U0418,25.62,LOW,0,0.0,LOW,0,0
U0419,23.15,LOW,0,0.0,LOW,0,0
U0420,23.73,LOW,0,0.0,LOW,0,0
U0421,21.0,LOW,0,0.0,LOW,0,0
U0422,21.01,LOW,0,0.0,LOW,0,0
U0423,21.0,LOW,0,0.0,LOW,0,0
U0424,21.01,LOW,0,0.0,LOW,0,0
U0425,23.01,LOW,0,0.0,LOW,0,0
U0426,15.0,LOW,0,0.0,LOW,0,0
U0427,21.95,LOW,0,0.0,LOW,0,0
U0428,22.88,LOW,0,0.0,LOW,0,0
U0429,22.88,LOW,0,0.0,LOW,0,0
U0430,25.29,LOW,0,0.0,LOW,0,0
U0431,21.0,LOW,0,0.0,LOW,0,0
U0432,22.5,LOW,0,0.0,LOW,0,0
U0433,22.26,LOW,0,0.0,LOW,0,0
U0434,23.5,LOW,0,0.0,LOW,0,0
U0435,22.88,LOW,0,0.0,LOW,0,0
U0436,22.88,LOW,0,0.0,LOW,0,0
U0437,21.0,LOW,0,0.0,LOW,0,0
U0438,24.22,LOW,0,0.0,LOW,0,0
U0439,22.08,LOW,0,0.0,LOW,0,0
U0440,21.01,LOW,0,0.0,LOW,0,0
U0441,28.5,LOW,0,0.0,LOW,0,0
U0442,22.16,LOW,0,0.0,LOW,0,0
U0443,23.51,LOW,0,0.0,LOW,0,0
U0444,21.01,LOW,0,0.0,LOW,0,0
U0445,21.01,LOW,0,0.0,LOW,0,0
U0446,21.0,LOW,0,0.0,LOW,0,0
U0447,21.89,LOW,0,0.0,LOW,0,0
U0448,23.66,LOW,0,0.0,LOW,0,0
U0449,21.01,LOW,0,0.0,LOW,0,0
U0450,22.51,LOW,0,0.0,LOW,0,0
U0451,23.73,LOW,0,0.0,LOW,0,0
U0452,22.51,LOW,0,0.0,LOW,0,0
U0453,23.82,LOW,0,0.0,LOW,0,0
U0454,21.01,LOW,0,0.0,LOW,0,0
U0455,21.01,LOW,0,0.0,LOW,0,0
U0456,29.74,LOW,0,0.0,LOW,0,0
U0457,21.0,LOW,0,0.0,LOW,0,0
U0458,23.15,LOW,0,0.0,LOW,0,0
U0459,23.73,LOW,0,0.0,LOW,0,0
U0460,21.01,LOW,0,0.0,LOW,0,0
U0461,23.31,LOW,0,0.0,LOW,0,0
U0462,22.37,LOW,0,0.0,LOW,0,0
U0463,21.0,LOW,0,0.0,LOW,0,0
U0464,22.5,LOW,0,0.0,LOW,0,0
U0465,22.01,LOW,0,0.0,LOW,0,0
U0466,15.0,LOW,0,0.0,LOW,0,0
U0467,21.01,LOW,0,0.0,LOW,0,0
U0468,22.26,LOW,0,0.0,LOW,0,0
U0469,22.08,LOW,0,0.0,LOW,0,0
U0470,22.88,LOW,0,0.0,LOW,0,0
U0471,22.88,LOW,0,0.0,LOW,0,0
U0472,21.0,LOW,0,0.0,LOW,0,0
U0473,22.67,LOW,0,0.0,LOW,0,0
U0474,21.01,LOW,0,0.0,LOW,0,0
U0475,21.01,LOW,0,0.0,LOW,0,0
U0476,22.51,LOW,0,0.0,LOW,0,0
U0477,21.0,LOW,0,0.0,LOW,0,0
U0478,22.16,LOW,0,0.0,LOW,0,0
U0479,21.01,LOW,0,0.0,LOW,0,0
U0480,22.01,LOW,0,0.0,LOW,0,0
U0481,22.5,LOW,0,0.0,LOW,0,0
U0482,23.26,LOW,0,0.0,LOW,0,0
U0483,21.0,LOW,0,0.0,LOW,0,0
U0484,22.26,LOW,0,0.0,LOW,0,0
U0485,21.0,LOW,0,0.0,LOW,0,0
U0486,22.16,LOW,0,0.0,LOW,0,0
U0487,21.0,LOW,0,0.0,LOW,0,0
U0488,22.16,LOW,0,0.0,LOW,0,0
U0489,21.01,LOW,0,0.0,LOW,0,0
U0490,22.08,LOW,0,0.0,LOW,0,0
U0491,23.31,LOW,0,0.0,LOW,0,0
U0492,23.51,LOW,0,0.0,LOW,0,0
U0493,21.01,LOW,0,0.0,LOW,0,0
U0494,29.67,LOW,0,0.0,LOW,0,0
U0495,22.37,LOW,0,0.0,LOW,0,0
U0496,22.67,LOW,0,0.0,LOW,0,0
U0497,21.0,LOW,0,0.0,LOW,0,0
U0498,22.26,LOW,0,0.0,LOW,0,0
U0499,22.26,LOW,0,0.0,LOW,0,0
U0500,25.42,LOW,0,0.0,LOW,0,0
U0501,21.01,LOW,0,0.0,LOW,0,0
U0502,22.08,LOW,0,0.0,LOW,0,0
U0503,22.37,LOW,0,0.0,LOW,0,0
U0504,21.01,LOW,0,0.0,LOW,0,0
U0505,27.0,LOW,0,0.0,LOW,0,0
U0506,21.0,LOW,0,0.0,LOW,0,0
U0507,28.37,LOW,0,0.0,LOW,0,0
U0508,23.73,LOW,0,0.0,LOW,0,0
U0509,21.01,LOW,0,0.0,LOW,0,0
U0510,21.01,LOW,0,0.0,LOW,0,0
U0511,22.08,LOW,0,0.0,LOW,0,0
U0512,21.0,LOW,0,0.0,LOW,0,0
U0513,23.51,LOW,0,0.0,LOW,0,0
U0514,21.0,LOW,0,0.0,LOW,0,0
U0515,21.0,LOW,0,0.48,LOW,0,0
U0516,22.08,LOW,0,0.0,LOW,0,0
U0517,23.73,LOW,0,0.0,LOW,0,0
U0518,21.0,LOW,0,0.0,LOW,0,0
U0519,21.01,LOW,0,0.0,LOW,0,0
U0520,22.88,LOW,0,0.0,LOW,0,0
U0521,22.01,LOW,0,0.0,LOW,0,0
U0522,21.95,LOW,0,0.0,LOW,0,0
U0523,29.16,LOW,0,0.0,LOW,0,0
U0524,23.15,LOW,0,0.0,LOW,0,0
U0525,23.5,LOW,0,0.0,LOW,0,0
U0526,22.88,LOW,0,0.0,LOW,0,0
U0527,22.16,LOW,0,0.0,LOW,0,0
U0528,22.67,LOW,0,0.0,LOW,0,0
U0529,28.67,LOW,0,0.0,LOW,0,0
U0530,21.01,LOW,0,0.0,LOW,0,0
U0531,21.01,LOW,0,0.0,LOW,0,0
U0532,23.15,LOW,0,0.0,LOW,0,0
U0533,21.01,LOW,0,0.0,LOW,0,0
U0534,21.0,LOW,0,0.0,LOW,0,0
U0535,22.88,LOW,0,0.0,LOW,0,0
U0536,26.0,LOW,0,0.0,LOW,0,0
U0537,23.51,LOW,0,0.0,LOW,0,0
U0538,21.01,LOW,0,0.0,LOW,0,0
U0539,23.15,LOW,0,0.0,LOW,0,0
U0540,21.01,LOW,0,0.0,LOW,0,0
U0541,21.01,LOW,0,0.0,LOW,0,0
U0542,22.26,LOW,0,0.0,LOW,0,0
U0543,21.0,LOW,0,0.0,LOW,0,0
U0544,24.76,LOW,0,0.0,LOW,0,0
U0545,22.08,LOW,0,0.0,LOW,0,0
U0546,21.01,LOW,0,0.0,LOW,0,0
U0547,22.88,LOW,0,0.0,LOW,0,0
U0548,21.89,LOW,0,0.0,LOW,0,0
U0549,21.01,LOW,0,0.0,LOW,0,0
U0550,24.01,LOW,0,0.0,LOW,0,0
U0551,22.26,LOW,0,0.0,LOW,0,0
U0552,23.73,LOW,0,0.0,LOW,0,0
U0553,22.67,LOW,0,0.0,LOW,0,0
U0554,21.01,LOW,0,0.0,LOW,0,0
U0555,21.0,LOW,0,0.0,LOW,0,0
U0556,27.01,LOW,0,0.0,LOW,0,0
U0557,22.26,LOW,0,0.0,LOW,0,0
U0558,23.73,LOW,0,0.0,LOW,0,0
U0559,22.01,LOW,0,0.0,LOW,0,0
U0560,23.01,LOW,0,0.0,LOW,0,0
U0561,21.0,LOW,0,0.0,LOW,0,0
U0562,21.76,LOW,0,0.0,LOW,0,0
U0563,22.16,LOW,0,0.0,LOW,0,0
U0564,21.0,LOW,0,0.0,LOW,0,0
U0565,29.67,LOW,0,0.0,LOW,0,0
U0566,23.73,LOW,0,0.0,LOW,0,0
U0567,27.94,LOW,0,0.0,LOW,0,0
U0568,22.51,LOW,0,0.0,LOW,0,0
U0569,21.01,LOW,0,0.0,LOW,0,0
U0570,21.01,LOW,0,0.0,LOW,0,0
U0571,22.5,LOW,0,0.0,LOW,0,0
U0572,24.75,LOW,0,0.0,LOW,0,0
U0573,21.01,LOW,0,0.0,LOW,0,0
U0574,22.67,LOW,0,0.0,LOW,0,0
U0575,27.0,LOW,0,0.46,LOW,0,0
U0576,16.16,LOW,0,0.0,LOW,0,0
U0577,22.26,LOW,0,0.0,LOW,0,0
U0578,30.4,LOW,0,0.0,LOW,0,0
U0579,23.73,LOW,0,0.0,LOW,0,0
U0580,21.84,LOW,0,0.0,LOW,0,0
U0581,25.29,LOW,0,0.0,LOW,0,0
U0582,21.0,LOW,0,0.0,LOW,0,0
U0583,23.51,LOW,0,0.0,LOW,0,0
U0584,23.15,LOW,0,0.0,LOW,0,0
U0585,22.67,LOW,0,0.0,LOW,0,0
U0586,23.01,LOW,0,0.0,LOW,0,0
U0587,24.76,LOW,0,0.0,LOW,0,0
U0588,22.26,LOW,0,0.0,LOW,0,0
U0589,22.16,LOW,0,0.0,LOW,0,0
U0590,22.51,LOW,0,0.0,LOW,0,0
U0591,23.31,LOW,0,0.0,LOW,0,0
U0592,21.89,LOW,0,0.0,LOW,0,0
U0593,21.01,LOW,0,0.0,LOW,0,0
U0594,23.73,LOW,0,0.0,LOW,0,0
U0595,22.08,LOW,0,0.0,LOW,0,0
U0596,21.01,LOW,0,0.0,LOW,0,0
U0597,22.51,LOW,0,0.0,LOW,0,0
U0598,21.0,LOW,0,0.0,LOW,0,0
U0599,22.67,LOW,0,0.0,LOW,0,0
U0600,21.0,LOW,0,0.0,LOW,0,0
U0601,22.16,LOW,0,0.0,LOW,0,0
U0602,22.26,LOW,0,0.0,LOW,0,0
U0603,24.01,LOW,0,0.0,LOW,0,0
U0604,22.26,LOW,0,0.0,LOW,0,0
U0605,22.88,LOW,0,0.0,LOW,0,0
U0606,22.16,LOW,0,0.0,LOW,0,0
U0607,23.51,LOW,0,0.0,LOW,0,0
U0608,22.88,LOW,0,0.0,LOW,0,0
U0609,22.26,LOW,0,0.0,LOW,0,0
U0610,21.01,LOW,0,0.0,LOW,0,0
U0611,27.01,LOW,0,0.0,LOW,0,0
U0612,22.16,LOW,0,0.0,LOW,0,0
U0613,21.01,LOW,0,0.0,LOW,0,0
U0614,27.01,LOW,0,0.0,LOW,0,0
U0615,25.1,LOW,0,0.0,LOW,0,0
U0616,22.01,LOW,0,0.0,LOW,0,0
U0617,21.0,LOW,0,0.0,LOW,0,0
U0618,22.77,LOW,0,0.0,LOW,0,0
U0619,21.0,LOW,0,0.0,LOW,0,0
U0620,21.01,LOW,0,0.0,LOW,0,0
U0621,27.01,LOW,0,0.0,LOW,0,0
U0622,21.01,LOW,0,0.0,LOW,0,0
U0623,22.37,LOW,0,0.0,LOW,0,0
U0624,21.0,LOW,0,0.0,LOW,0,0
U0625,22.51,LOW,0,0.0,LOW,0,0
U0626,27.0,LOW,0,0.96,LOW,0,0
U0627,21.01,LOW,0,0.0,LOW,0,0
U0628,22.26,LOW,0,0.0,LOW,0,0
U0629,22.26,LOW,0,0.0,LOW,0,0
U0630,22.88,LOW,0,0.0,LOW,0,0
U0631,22.5,LOW,0,0.0,LOW,0,0
U0632,22.34,LOW,0,0.0,LOW,0,0
U0633,22.26,LOW,0,0.0,LOW,0,0
U0634,22.37,LOW,0,0.0,LOW,0,0
U0635,23.15,LOW,0,0.0,LOW,0,0
U0636,21.01,LOW,0,0.0,LOW,0,0
U0637,21.01,LOW,0,0.0,LOW,0,0
U0638,21.01,LOW,0,0.0,LOW,0,0
U0639,22.88,LOW,0,0.0,LOW,0,0
U0640,22.37,LOW,0,0.0,LOW,0,0
U0641,25.1,LOW,0,0.0,LOW,0,0
U0642,22.08,LOW,0,0.0,LOW,0,0
U0643,21.01,LOW,0,0.0,LOW,0,0
U0644,15.01,LOW,0,0.0,LOW,0,0
U0645,21.01,LOW,0,0.0,LOW,0,0
U0646,24.0,LOW,0,0.0,LOW,0,0
U0647,21.01,LOW,0,0.0,LOW,0,0
U0648,16.67,LOW,0,0.0,LOW,0,0
U0649,21.0,LOW,0,0.0,LOW,0,0
U0650,29.01,LOW,0,0.0,LOW,0,0
U0651,23.32,LOW,0,0.0,LOW,0,0
U0652,22.26,LOW,0,0.0,LOW,0,0
U0653,21.01,LOW,0,0.0,LOW,0,0
U0654,22.51,LOW,0,0.0,LOW,0,0
U0655,24.22,LOW,0,0.0,LOW,0,0
U0656,24.01,LOW,0,0.0,LOW,0,0
U0657,29.73,LOW,0,0.0,LOW,0,0
U0658,21.01,LOW,0,0.0,LOW,0,0
U0659,22.5,LOW,0,0.0,LOW,0,0
U0660,22.5,LOW,0,0.0,LOW,0,0
U0661,21.0,LOW,0,0.0,LOW,0,0
U0662,28.67,LOW,0,0.0,LOW,0,0
U0663,22.68,LOW,0,0.0,LOW,0,0
U0664,22.88,LOW,0,0.0,LOW,0,0
U0665,21.0,LOW,0,0.0,LOW,0,0
U0666,23.38,LOW,0,0.0,LOW,0,0
U0667,23.15,LOW,0,0.0,LOW,0,0
U0668,22.67,LOW,0,0.0,LOW,0,0
U0669,22.08,LOW,0,0.0,LOW,0,0
U0670,21.0,LOW,0,0.0,LOW,0,0
U0671,21.01,LOW,0,0.0,LOW,0,0
U0672,21.0,LOW,0,0.0,LOW,0,0
U0673,22.37,LOW,0,0.0,LOW,0,0
U0674,21.01,LOW,0,0.0,LOW,0,0
U0675,21.0,LOW,0,0.0,LOW,0,0
U0676,21.01,LOW,0,0.0,LOW,0,0
U0677,22.16,LOW,0,0.0,LOW,0,0
U0678,22.26,LOW,0,0.0,LOW,0,0
U0679,21.0,LOW,0,0.0,LOW,0,0
U0680,23.51,LOW,0,0.0,LOW,0,0
U0681,28.16,LOW,0,0.0,LOW,0,0
U0682,22.51,LOW,0,0.0,LOW,0,0
U0683,21.01,LOW,0,0.0,LOW,0,0
U0684,22.37,LOW,0,0.0,LOW,0,0
U0685,15.01,LOW,0,0.0,LOW,0,0
U0686,22.78,LOW,0,0.0,LOW,0,0
U0687,21.0,LOW,0,0.0,LOW,0,0
U0688,25.09,LOW,0,0.0,LOW,0,0
U0689,23.65,LOW,0,0.0,LOW,0,0
U0690,21.0,LOW,0,0.0,LOW,0,0
U0691,21.01,LOW,0,0.0,LOW,0,0
U0692,22.67,LOW,0,0.0,LOW,0,0
U0693,21.0,LOW,0,0.0,LOW,0,0
U0694,21.01,LOW,0,0.0,LOW,0,0
U0695,25.29,LOW,0,0.0,LOW,0,0
U0696,21.0,LOW,0,0.0,LOW,0,0
U0697,21.01,LOW,0,0.0,LOW,0,0
U0698,22.67,LOW,0,0.0,LOW,0,0
U0699,22.37,LOW,0,0.0,LOW,0,0
U0700,24.01,LOW,0,0.0,LOW,0,0
U0701,21.01,LOW,0,0.0,LOW,0,0
U0702,26.36,LOW,0,0.0,LOW,0,0
U0703,22.08,LOW,0,0.0,LOW,0,0
U0704,23.31,LOW,0,0.0,LOW,0,0
U0705,22.88,LOW,0,0.0,LOW,0,0
U0706,21.0,LOW,0,0.0,LOW,0,0
U0707,21.0,LOW,0,0.0,LOW,0,0
U0708,21.01,LOW,0,0.0,LOW,0,0
U0709,23.31,LOW,0,0.0,LOW,0,0
U0710,22.26,LOW,0,0.0,LOW,0,0
U0711,21.0,LOW,0,0.0,LOW,0,0
U0712,22.5,LOW,0,0.0,LOW,0,0
U0713,28.67,LOW,0,0.0,LOW,0,0
U0714,19.1,LOW,0,0.5,LOW,0,0
U0715,22.26,LOW,0,0.0,LOW,0,0
U0716,22.26,LOW,0,0.0,LOW,0,0
U0717,31.49,LOW,0,0.0,LOW,0,0
U0718,23.51,LOW,0,0.0,LOW,0,0
U0719,22.88,LOW,0,0.0,LOW,0,0
U0720,21.95,LOW,0,0.0,LOW,0,0
U0721,22.68,LOW,0,0.0,LOW,0,0
U0722,21.01,LOW,0,0.0,LOW,0,0
U0723,22.37,LOW,0,0.0,LOW,0,0
U0724,21.0,LOW,0,0.0,LOW,0,0
U0725,22.88,LOW,0,0.0,LOW,0,0
U0726,21.0,LOW,0,0.0,LOW,0,0
U0727,15.0,LOW,0,0.0,LOW,0,0
U0728,26.0,LOW,0,0.0,LOW,0,0
U0729,22.16,LOW,0,0.0,LOW,0,0
U0730,21.0,LOW,0,0.0,LOW,0,0
U0731,22.37,LOW,0,0.0,LOW,0,0
U0732,21.01,LOW,0,0.0,LOW,0,0
U0733,23.73,LOW,0,0.0,LOW,0,0
U0734,23.01,LOW,0,0.0,LOW,0,0
U0735,23.82,LOW,0,0.0,LOW,0,0
U0736,23.15,LOW,0,0.0,LOW,0,0
U0737,22.08,LOW,0,0.0,LOW,0,0
U0738,22.88,LOW,0,0.0,LOW,0,0
U0739,15.0,LOW,0,0.0,LOW,0,0
U0740,29.31,LOW,0,0.0,LOW,0,0
U0741,30.22,LOW,0,0.0,LOW,0,0
U0742,22.26,LOW,0,0.0,LOW,0,0
U0743,24.76,LOW,0,0.0,LOW,0,0
U0744,22.37,LOW,0,0.0,LOW,0,0
U0745,22.67,LOW,0,0.0,LOW,0,0
U0746,21.01,LOW,0,0.0,LOW,0,0
U0747,28.37,LOW,0,0.0,LOW,0,0
U0748,21.01,LOW,0,0.0,LOW,0,0
U0749,22.51,LOW,0,0.0,LOW,0,0
U0750,21.0,LOW,0,0.0,LOW,0,0
U0751,23.15,LOW,0,0.0,LOW,0,0
U0752,21.01,LOW,0,0.0,LOW,0,0
U0753,21.95,LOW,0,0.0,LOW,0,0
U0754,22.26,LOW,0,0.0,LOW,0,0
U0755,23.73,LOW,0,0.0,LOW,0,0
U0756,24.01,LOW,0,0.0,LOW,0,0
U0757,21.01,LOW,0,0.0,LOW,0,0
U0758,22.37,LOW,0,0.0,LOW,0,0
U0759,22.88,LOW,0,0.0,LOW,0,0
U0760,21.01,LOW,0,0.0,LOW,0,0
U0761,23.15,LOW,0,0.0,LOW,0,0
U0762,22.68,LOW,0,0.0,LOW,0,0
U0763,21.01,LOW,0,0.0,LOW,0,0
U0764,23.01,LOW,0,0.0,LOW,0,0
U0765,22.16,LOW,0,0.0,LOW,0,0
U0766,21.01,LOW,0,0.0,LOW,0,0
U0767,21.0,LOW,0,0.0,LOW,0,0
U0768,24.76,LOW,0,0.0,LOW,0,0
U0769,32.98,LOW,0,0.0,LOW,0,0
U0770,23.87,LOW,0,0.0,LOW,0,0
U0771,22.26,LOW,0,0.0,LOW,0,0
U0772,21.01,LOW,0,0.0,LOW,0,0
U0773,22.5,LOW,0,0.0,LOW,0,0
U0774,25.62,LOW,0,0.0,LOW,0,0
U0775,22.67,LOW,0,0.0,LOW,0,0
U0776,22.01,LOW,0,0.0,LOW,0,0
U0777,22.26,LOW,0,0.0,LOW,0,0
U0778,22.51,LOW,0,0.0,LOW,0,0
U0779,23.31,LOW,0,0.0,LOW,0,0
U0780,23.01,LOW,0,0.0,LOW,0,0
U0781,21.0,LOW,0,0.0,LOW,0,0
U0782,22.67,LOW,0,0.0,LOW,0,0
U0783,21.01,LOW,0,0.0,LOW,0,0
U0784,23.15,LOW,0,0.0,LOW,0,0
U0785,21.01,LOW,0,0.0,LOW,0,0
U0786,21.01,LOW,0,0.0,LOW,0,0
U0787,24.01,LOW,0,0.0,LOW,0,0
U0788,21.0,LOW,1,61.41,MEDIUM,0,0
U0789,21.0,LOW,0,0.0,LOW,0,0
U0790,21.01,LOW,0,0.0,LOW,0,0
U0791,23.73,LOW,0,0.0,LOW,0,0
U0792,21.0,LOW,0,0.0,LOW,0,0
U0793,21.01,LOW,0,0.0,LOW,0,0
U0794,22.16,LOW,0,0.0,LOW,0,0
U0795,21.0,LOW,0,0.0,LOW,0,0
U0796,21.0,LOW,0,0.0,LOW,0,0
U0797,23.51,LOW,0,0.0,LOW,0,0
U0798,21.0,LOW,0,0.0,LOW,0,0
U0799,22.37,LOW,0,0.0,LOW,0,0
U0800,21.95,LOW,0,0.0,LOW,0,0
U0801,23.31,LOW,0,0.0,LOW,0,0
U0802,22.5,LOW,0,0.0,LOW,0,0
U0803,21.0,LOW,0,0.0,LOW,0,0
U0804,22.67,LOW,0,0.0,LOW,0,0
U0805,21.01,LOW,0,0.0,LOW,0,0
U0806,22.88,LOW,0,0.0,LOW,0,0
U0807,21.01,LOW,0,0.0,LOW,0,0
U0808,23.73,LOW,0,0.0,LOW,0,0
U0809,22.37,LOW,0,0.0,LOW,0,0
U0810,21.0,LOW,0,0.0,LOW,0,0
U0811,23.22,LOW,0,0.0,LOW,0,0
U0812,21.0,LOW,0,0.0,LOW,0,0
U0813,21.0,LOW,0,0.0,LOW,0,0
U0814,22.37,LOW,0,0.0,LOW,0,0
U0815,21.0,LOW,0,0.0,LOW,0,0
U0816,22.51,LOW,0,0.0,LOW,0,0
U0817,24.0,LOW,0,0.0,LOW,0,0
U0818,28.01,LOW,0,0.0,LOW,0,0
U0819,22.67,LOW,0,0.0,LOW,0,0
U0820,21.01,LOW,0,0.0,LOW,0,0
U0821,21.94,LOW,0,0.0,LOW,0,0
U0822,21.01,LOW,0,0.0,LOW,0,0
U0823,22.16,LOW,0,0.0,LOW,0,0
U0824,23.82,LOW,0,0.0,LOW,0,0
U0825,28.26,LOW,0,0.0,LOW,0,0
U0826,21.0,LOW,0,0.0,LOW,0,0
U0827,21.01,LOW,0,0.0,LOW,0,0
U0828,24.01,LOW,0,0.0,LOW,0,0
U0829,22.16,LOW,0,0.0,LOW,0,0
U0830,24.0,LOW,0,0.0,LOW,0,0
U0831,22.37,LOW,0,0.0,LOW,0,0
U0832,16.16,LOW,0,0.0,LOW,0,0
U0833,15.01,LOW,0,0.0,LOW,0,0
U0834,29.01,LOW,0,0.0,LOW,0,0
U0835,21.0,LOW,0,0.0,LOW,0,0
U0836,23.51,LOW,0,0.0,LOW,0,0
U0837,22.67,LOW,0,0.0,LOW,0,0
U0838,21.01,LOW,0,0.0,LOW,0,0
U0839,21.0,LOW,0,0.0,LOW,0,0
U0840,21.01,LOW,0,0.0,LOW,0,0
U0841,21.01,LOW,0,0.0,LOW,0,0
U0842,21.0,LOW,0,0.0,LOW,0,0
U0843,21.0,LOW,0,0.0,LOW,0,0
U0844,21.01,LOW,0,0.0,LOW,0,0
U0845,22.37,LOW,0,0.0,LOW,0,0
U0846,22.68,LOW,0,0.0,LOW,0,0
U0847,21.0,LOW,0,0.0,LOW,0,0
U0848,21.01,LOW,0,0.0,LOW,0,0
U0849,21.01,LOW,0,0.0,LOW,0,0
U0850,21.01,LOW,0,0.0,LOW,0,0
U0851,27.01,LOW,0,0.0,LOW,0,0
U0852,21.0,LOW,0,0.0,LOW,0,0
U0853,21.0,LOW,0,0.0,LOW,0,0
U0854,22.08,LOW,0,0.0,LOW,0,0
U0855,21.0,LOW,0,0.0,LOW,0,0
U0856,21.01,LOW,0,0.0,LOW,0,0
U0857,21.0,LOW,0,0.0,LOW,0,0
U0858,22.67,LOW,0,0.0,LOW,0,0
U0859,21.0,LOW,0,0.0,LOW,0,0
U0860,21.0,LOW,0,0.0,LOW,0,0
U0861,21.01,LOW,0,0.0,LOW,0,0
U0862,23.65,LOW,0,0.0,LOW,0,0
U0863,21.0,LOW,0,0.0,LOW,0,0
U0864,23.51,LOW,0,0.0,LOW,0,0
U0865,21.01,LOW,0,0.0,LOW,0,0
U0866,21.01,LOW,0,0.0,LOW,0,0
U0867,30.01,LOW,0,0.0,LOW,0,0
U0868,21.95,LOW,0,0.0,LOW,0,0
U0869,21.0,LOW,0,0.0,LOW,0,0
U0870,24.47,LOW,0,0.0,LOW,0,0
U0871,22.88,LOW,0,0.0,LOW,0,0
U0872,22.16,LOW,0,0.0,LOW,0,0
U0873,21.0,LOW,0,0.0,LOW,0,0
U0874,15.0,LOW,0,0.5,LOW,0,0
U0875,21.0,LOW,0,0.0,LOW,0,0
U0876,22.01,LOW,0,0.0,LOW,0,0
U0877,23.82,LOW,0,0.0,LOW,0,0
U0878,22.26,LOW,0,0.0,LOW,0,0
U0879,21.01,LOW,0,0.0,LOW,0,0
U0880,23.01,LOW,0,0.0,LOW,0,0
U0881,23.32,LOW,0,0.0,LOW,0,0
U0882,21.0,LOW,0,0.0,LOW,0,0
U0883,16.88,LOW,0,0.0,LOW,0,0
U0884,16.26,LOW,0,0.0,LOW,0,0
U0885,22.77,LOW,0,0.0,LOW,0,0
U0886,16.88,LOW,0,0.0,LOW,0,0
U0887,21.01,LOW,0,0.0,LOW,0,0
U0888,21.94,LOW,0,0.0,LOW,0,0
U0889,22.67,LOW,0,0.0,LOW,0,0
U0890,21.01,LOW,0,0.0,LOW,0,0
U0891,22.08,LOW,0,0.0,LOW,0,0
U0892,21.01,LOW,0,0.0,LOW,0,0
U0893,21.0,LOW,0,0.0,LOW,0,0
U0894,22.08,LOW,0,0.0,LOW,0,0
U0895,22.37,LOW,0,0.0,LOW,0,0
U0896,22.16,LOW,0,0.0,LOW,0,0
U0897,27.01,LOW,0,0.0,LOW,0,0
U0898,21.01,LOW,0,0.0,LOW,0,0
U0899,21.01,LOW,0,0.0,LOW,0,0
U0900,27.0,LOW,0,0.0,LOW,0,0
U0901,22.08,LOW,0,0.0,LOW,0,0
U0902,22.51,LOW,0,0.0,LOW,0,0
U0903,22.5,LOW,0,0.0,LOW,0,0
U0904,22.88,LOW,0,0.0,LOW,0,0
U0905,21.0,LOW,0,0.0,LOW,0,0
U0906,21.0,LOW,0,0.0,LOW,0,0
U0907,21.01,LOW,0,0.0,LOW,0,0
U0908,22.5,LOW,0,0.0,LOW,0,0
U0909,15.0,LOW,0,0.0,LOW,0,0
U0910,24.01,LOW,0,0.0,LOW,0,0
U0911,21.01,LOW,0,0.0,LOW,0,0
U0912,24.75,LOW,0,0.0,LOW,0,0
U0913,22.16,LOW,0,0.0,LOW,0,0
U0914,21.94,LOW,0,0.0,LOW,0,0
U0915,24.96,LOW,0,0.0,LOW,0,0
U0916,21.01,LOW,0,0.0,LOW,0,0
U0917,21.0,LOW,0,0.0,LOW,0,0
U0918,21.01,LOW,0,0.0,LOW,0,0
U0919,22.26,LOW,0,0.0,LOW,0,0
U0920,16.08,LOW,0,0.0,LOW,0,0
U0921,21.95,LOW,0,0.0,LOW,0,0
U0922,22.51,LOW,0,0.0,LOW,0,0
U0923,26.0,LOW,0,0.0,LOW,0,0
U0924,21.01,LOW,0,0.0,LOW,0,0
U0925,27.01,LOW,0,0.0,LOW,0,0
U0926,22.01,LOW,0,0.0,LOW,0,0
U0927,27.01,LOW,0,0.0,LOW,0,0
U0928,21.01,LOW,0,0.0,LOW,0,0
U0929,21.0,LOW,0,0.0,LOW,0,0
U0930,21.01,LOW,0,0.0,LOW,0,0
U0931,21.76,LOW,0,0.0,LOW,0,0
U0932,21.01,LOW,0,0.0,LOW,0,0
U0933,21.0,LOW,0,0.0,LOW,0,0
U0934,24.0,LOW,0,0.0,LOW,0,0
U0935,21.0,LOW,0,0.0,LOW,0,0
U0936,22.16,LOW,0,0.0,LOW,0,0
U0937,22.67,LOW,0,0.0,LOW,0,0
U0938,21.0,LOW,0,0.0,LOW,0,0
U0939,21.01,LOW,0,0.0,LOW,0,0
U0940,23.73,LOW,0,0.0,LOW,0,0
U0941,28.67,LOW,0,0.0,LOW,0,0
U0942,21.01,LOW,0,0.0,LOW,0,0
U0943,21.0,LOW,0,0.0,LOW,0,0
U0944,21.01,LOW,0,0.0,LOW,0,0
U0945,22.37,LOW,0,0.0,LOW,0,0
U0946,28.26,LOW,0,0.0,LOW,0,0
U0947,21.0,LOW,0,0.0,LOW,0,0
U0948,21.01,LOW,0,0.0,LOW,0,0
U0949,21.95,LOW,0,0.0,LOW,0,0
U0950,22.51,LOW,0,0.0,LOW,0,0
U0951,21.01,LOW,0,0.0,LOW,0,0
U0952,21.01,LOW,0,0.0,LOW,0,0
U0953,25.42,LOW,0,0.0,LOW,0,0
U0954,23.82,LOW,0,0.0,LOW,0,0
U0955,16.67,LOW,0,0.0,LOW,0,0
U0956,23.51,LOW,0,0.0,LOW,0,0
U0957,22.26,LOW,0,0.0,LOW,0,0
U0958,22.67,LOW,0,0.0,LOW,0,0
U0959,21.01,LOW,0,0.0,LOW,0,0
U0960,16.16,LOW,0,0.0,LOW,0,0
U0961,22.16,LOW,0,0.0,LOW,0,0
U0962,21.01,LOW,0,0.0,LOW,0,0
U0963,21.0,LOW,0,0.0,LOW,0,0
U0964,21.0,LOW,0,0.0,LOW,0,0
U0965,23.73,LOW,0,0.0,LOW,0,0
U0966,22.67,LOW,0,0.0,LOW,0,0
U0967,21.01,LOW,0,0.0,LOW,0,0
U0968,22.26,LOW,0,0.0,LOW,0,0
U0969,21.01,LOW,0,0.0,LOW,0,0
U0970,22.08,LOW,0,0.0,LOW,0,0
U0971,22.67,LOW,0,0.0,LOW,0,0
U0972,22.37,LOW,0,0.0,LOW,0,0
U0973,21.01,LOW,0,0.0,LOW,0,0
U0974,27.01,LOW,0,0.0,LOW,0,0
U0975,21.0,LOW,0,0.0,LOW,0,0
U0976,27.84,LOW,0,0.0,LOW,0,0
U0977,22.16,LOW,0,0.0,LOW,0,0
U0978,21.0,LOW,0,0.0,LOW,0,0
U0979,24.01,LOW,0,0.0,LOW,0,0
U0980,19.01,LOW,0,0.0,LOW,0,0
U0981,21.01,LOW,0,0.0,LOW,0,0
U0982,21.0,LOW,0,0.0,LOW,0,0
U0983,22.16,LOW,0,0.0,LOW,0,0
U0984,21.01,LOW,0,0.0,LOW,0,0
U0985,21.0,LOW,0,0.0,LOW,0,0
U0986,23.82,LOW,0,0.0,LOW,0,0
U0987,21.01,LOW,0,0.0,LOW,0,0
U0988,21.01,LOW,0,0.0,LOW,0,0
U0989,21.0,LOW,0,0.0,LOW,0,0
U0990,23.73,LOW,0,0.0,LOW,0,0
U0991,23.15,LOW,0,0.0,LOW,0,0
U0992,21.01,LOW,0,0.0,LOW,0,0
U0993,15.01,LOW,0,0.0,LOW,0,0
U0994,21.01,LOW,0,0.0,LOW,0,0
U0995,22.16,LOW,0,0.0,LOW,0,0
U0996,22.88,LOW,0,0.0,LOW,0,0
U0997,21.01,LOW,0,0.0,LOW,0,0
U0998,22.51,LOW,0,0.0,LOW,0,0
U0999,21.0,LOW,0,0.0,LOW,0,0
U1000,21.95,LOW,0,0.0,LOW,0,0
