user_id,account_age_days,transaction_count,transactions_per_hour,unique_merchant_count,merchant_concentration_ratio,unique_device_count,max_shared_device_users,max_users_on_device_in_window,is_suspicious
U0001,655,1.0,0.0,1.0,0.0,1.0,5.0,4.0,1.0
U0002,115,1.0,0.0,1.0,0.0,1.0,5.0,3.0,1.0
U0003,26,0.0,0.0,0.0,0.0,0.0,0.0,0.0,0.0
U0004,760,1.0,0.0,1.0,0.0,1.0,5.0,3.0,1.0
U0005,282,1.0,0.0,1.0,0.0,1.0,5.0,5.0,1.0
U0006,251,1.0,0.0,1.0,0.0,1.0,5.0,5.0,1.0
U0007,229,0.0,0.0,0.0,0.0,0.0,0.0,0.0,0.0
U0008,143,0.0,0.0,0.0,0.0,0.0,0.0,0.0,0.0
U0009,755,0.0,0.0,0.0,0.0,0.0,0.0,0.0,0.0
U0010,105,0.0,0.0,0.0,0.0,0.0,0.0,0.0,0.0
U0011,693,0.0,0.0,0.0,0.0,0.0,0.0,0.0,0.0
U0012,759,0.0,0.0,0.0,0.0,0.0,0.0,0.0,0.0
U0013,914,0.0,0.0,0.0,0.0,0.0,0.0,0.0,0.0
U0014,559,2.0,0.316622691292876,2.0,0.0,2.0,5.0,4.0,1.0
U0015,90,2.0,0.19867549668874174,2.0,0.0,2.0,5.0,5.0,1.0
U0016,605,1.0,0.0,1.0,0.0,1.0,5.0,5.0,1.0
U0017,433,0.0,0.0,0.0,0.0,0.0,0.0,0.0,0.0
U0018,33,0.0,0.0,0.0,0.0,0.0,0.0,0.0,0.0
U0019,31,0.0,0.0,0.0,0.0,0.0,0.0,0.0,0.0
U0020,96,0.0,0.0,0.0,0.0,0.0,0.0,0.0,0.0
U0021,224,0.0,0.0,0.0,0.0,0.0,0.0,0.0,0.0
U0022,239,0.0,0.0,0.0,0.0,0.0,0.0,0.0,0.0
U0023,518,0.0,0.0,0.0,0.0,0.0,0.0,0.0,0.0
U0024,617,0.0,0.0,0.0,0.0,0.0,0.0,0.0,0.0
U0025,28,1.0,0.0,1.0,0.0,1.0,5.0,3.0,1.0
U0026,575,0.0,0.0,0.0,0.0,0.0,0.0,0.0,0.0
U0027,204,0.0,0.0,0.0,0.0,0.0,0.0,0.0,0.0
U0028,734,0.0,0.0,0.0,0.0,0.0,0.0,0.0,0.0
U0029,666,0.0,0.0,0.0,0.0,0.0,0.0,0.0,0.0
U0030,719,0.0,0.0,0.0,0.0,0.0,0.0,0.0,0.0
U0031,559,1.0,0.0,1.0,0.0,1.0,5.0,4.0,1.0
U0032,430,0.0,0.0,0.0,0.0,0.0,0.0,0.0,0.0
U0033,226,0.0,0.0,0.0,0.0,0.0,0.0,0.0,0.0
U0034,460,0.0,0.0,0.0,0.0,0.0,0.0,0.0,0.0
U0035,604,0.0,0.0,0.0,0.0,0.0,0.0,0.0,0.0
U0036,285,0.0,0.0,0.0,0.0,0.0,0.0,0.0,0.0
U0037,829,0.0,0.0,0.0,0.0,0.0,0.0,0.0,0.0
U0038,891,0.0,0.0,0.0,0.0,0.0,0.0,0.0,0.0
U0039,7,0.0,0.0,0.0,0.0,0.0,0.0,0.0,0.0
U0040,778,0.0,0.0,0.0,0.0,0.0,0.0,0.0,0.0
U0041,826,0.0,0.0,0.0,0.0,0.0,0.0,0.0,0.0
U0042,164,1.0,0.0,1.0,0.0,1.0,5.0,4.0,1.0
U0043,715,0.0,0.0,0.0,0.0,0.0,0.0,0.0,0.0
U0044,433,0.0,0.0,0.0,0.0,0.0,0.0,0.0,0.0
U0045,349,0.0,0.0,0.0,0.0,0.0,0.0,0.0,0.0
U0046,285,0.0,0.0,0.0,0.0,0.0,0.0,0.0,0.0
U0047,160,0.0,0.0,0.0,0.0,0.0,0.0,0.0,0.0
U0048,221,0.0,0.0,0.0,0.0,0.0,0.0,0.0,0.0
U0049,981,0.0,0.0,0.0,0.0,0.0,0.0,0.0,0.0
U0050,782,1.0,0.0,1.0,0.0,1.0,5.0,4.0,1.0
U0051,345,10.0,63.94316163410302,1.0,0.9,1.0,1.0,1.0,1.0
U0052,105,10.0,67.66917293233082,1.0,0.9,1.0,1.0,1.0,1.0
U0053,95,10.0,72.72727272727272,1.0,0.9,1.0,1.0,1.0,1.0
U0054,390,10.0,65.45454545454545,1.0,0.9,1.0,1.0,1.0,1.0
U0055,100,10.0,67.5422138836773,1.0,0.9,1.0,1.0,1.0,1.0
U0056,368,11.0,1.3499693188791164,2.0,0.8181818181818181,2.0,5.0,3.0,1.0
U0057,868,10.0,69.4980694980695,1.0,0.9,1.0,1.0,1.0,1.0
U0058,353,12.0,0.5707491082045185,3.0,0.75,3.0,5.0,5.0,1.0
U0059,619,10.0,76.59574468085106,1.0,0.9,1.0,1.0,1.0,1.0
U0060,271,10.0,61.74957118353345,1.0,0.9,1.0,1.0,1.0,1.0
U0061,827,5.0,45.22613065326633,1.0,0.8,1.0,6.0,6.0,1.0
U0062,45,5.0,31.578947368421055,1.0,0.8,1.0,6.0,6.0,1.0
U0063,748,6.0,0.12514194340803225,2.0,0.6666666666666667,2.0,6.0,6.0,1.0
U0064,471,5.0,65.6934306569343,1.0,0.8,1.0,6.0,6.0,1.0
U0065,550,5.0,24.226110363391655,1.0,0.8,1.0,6.0,6.0,1.0
U0066,128,5.0,61.64383561643836,1.0,0.8,1.0,6.0,6.0,1.0
U0067,997,5.0,34.22053231939164,1.0,0.8,1.0,6.0,6.0,1.0
U0068,945,6.0,0.12210702454577319,2.0,0.6666666666666667,2.0,6.0,6.0,1.0
U0069,388,7.0,0.22088019002708412,3.0,0.5714285714285714,3.0,6.0,6.0,1.0
U0070,81,5.0,26.90582959641256,1.0,0.8,1.0,6.0,6.0,1.0
U0071,566,5.0,45.45454545454545,1.0,0.8,1.0,6.0,6.0,1.0
U0072,301,5.0,34.02646502835539,1.0,0.8,1.0,6.0,6.0,1.0
U0073,850,5.0,25.53191489361702,1.0,0.8,1.0,6.0,6.0,1.0
U0074,644,6.0,0.20136668313647255,2.0,0.6666666666666667,2.0,6.0,6.0,1.0
U0075,634,5.0,25.35211267605634,1.0,0.8,1.0,6.0,6.0,1.0
U0076,907,5.0,62.28373702422145,1.0,0.8,1.0,6.0,6.0,1.0
U0077,883,5.0,21.686746987951807,1.0,0.8,1.0,6.0,6.0,1.0
U0078,371,5.0,24.861878453038674,1.0,0.8,1.0,6.0,6.0,1.0
U0079,592,5.0,27.649769585253456,1.0,0.8,1.0,6.0,6.0,1.0
U0080,197,5.0,42.25352112676056,1.0,0.8,1.0,6.0,6.0,1.0
U0081,722,7.0,0.13995257162850366,3.0,0.5714285714285714,3.0,6.0,6.0,1.0
U0082,72,5.0,96.2566844919786,1.0,0.8,1.0,6.0,6.0,1.0
U0083,47,5.0,44.33497536945813,1.0,0.8,1.0,6.0,6.0,1.0
U0084,678,6.0,0.14258931636344432,2.0,0.6666666666666667,2.0,6.0,6.0,1.0
U0085,234,6.0,0.13900418943182039,2.0,0.6666666666666667,2.0,6.0,6.0,1.0
U0086,792,5.0,34.61538461538462,1.0,0.8,1.0,6.0,6.0,1.0
U0087,297,6.0,0.18211404048664917,2.0,0.6666666666666667,2.0,6.0,6.0,1.0
U0088,82,5.0,29.459901800327334,1.0,0.8,1.0,6.0,6.0,1.0
U0089,876,7.0,0.1488411652136934,3.0,0.5714285714285714,3.0,6.0,6.0,1.0
U0090,239,5.0,30.82191780821918,1.0,0.8,1.0,6.0,6.0,1.0
U0091,888,0.0,0.0,0.0,0.0,0.0,0.0,0.0,0.0
U0092,104,0.0,0.0,0.0,0.0,0.0,0.0,0.0,0.0
U0093,390,0.0,0.0,0.0,0.0,0.0,0.0,0.0,0.0
U0094,285,0.0,0.0,0.0,0.0,0.0,0.0,0.0,0.0
U0095,465,0.0,0.0,0.0,0.0,0.0,0.0,0.0,0.0
U0096,651,1.0,0.0,1.0,0.0,1.0,5.0,5.0,1.0
U0097,855,0.0,0.0,0.0,0.0,0.0,0.0,0.0,0.0
U0098,374,0.0,0.0,0.0,0.0,0.0,0.0,0.0,0.0
U0099,167,1.0,0.0,1.0,0.0,1.0,5.0,4.0,1.0
U0100,380,2.0,0.273972602739726,2.0,0.0,2.0,5.0,5.0,1.0
U0101,364,0.0,0.0,0.0,0.0,0.0,0.0,0.0,0.0
U0102,215,1.0,0.0,1.0,0.0,1.0,5.0,4.0,1.0
U0103,687,0.0,0.0,0.0,0.0,0.0,0.0,0.0,0.0
U0104,274,0.0,0.0,0.0,0.0,0.0,0.0,0.0,0.0
U0105,719,0.0,0.0,0.0,0.0,0.0,0.0,0.0,0.0
U0106,960,0.0,0.0,0.0,0.0,0.0,0.0,0.0,0.0
U0107,700,2.0,0.12257405515832483,2.0,0.0,2.0,5.0,4.0,1.0
U0108,664,0.0,0.0,0.0,0.0,0.0,0.0,0.0,0.0
U0109,74,0.0,0.0,0.0,0.0,0.0,0.0,0.0,0.0
U0110,624,0.0,0.0,0.0,0.0,0.0,0.0,0.0,0.0
U0111,651,0.0,0.0,0.0,0.0,0.0,0.0,0.0,0.0
U0112,176,1.0,0.0,1.0,0.0,1.0,5.0,3.0,1.0
U0113,547,1.0,0.0,1.0,0.0,1.0,5.0,5.0,1.0
U0114,747,1.0,0.0,1.0,0.0,1.0,5.0,4.0,1.0
U0115,251,0.0,0.0,0.0,0.0,0.0,0.0,0.0,0.0
U0116,168,0.0,0.0,0.0,0.0,0.0,0.0,0.0,0.0
U0117,474,0.0,0.0,0.0,0.0,0.0,0.0,0.0,0.0
U0118,389,1.0,0.0,1.0,0.0,1.0,5.0,5.0,1.0
U0119,277,0.0,0.0,0.0,0.0,0.0,0.0,0.0,0.0
U0120,948,1.0,0.0,1.0,0.0,1.0,5.0,4.0,1.0
U0121,656,1.0,0.0,1.0,0.0,1.0,5.0,5.0,1.0
U0122,705,0.0,0.0,0.0,0.0,0.0,0.0,0.0,0.0
U0123,571,0.0,0.0,0.0,0.0,0.0,0.0,0.0,0.0
U0124,225,0.0,0.0,0.0,0.0,0.0,0.0,0.0,0.0
U0125,702,0.0,0.0,0.0,0.0,0.0,0.0,0.0,0.0
U0126,333,1.0,0.0,1.0,0.0,1.0,5.0,4.0,1.0
U0127,864,0.0,0.0,0.0,0.0,0.0,0.0,0.0,0.0
U0128,787,1.0,0.0,1.0,0.0,1.0,5.0,4.0,1.0
U0129,795,0.0,0.0,0.0,0.0,0.0,0.0,0.0,0.0
U0130,58,0.0,0.0,0.0,0.0,0.0,0.0,0.0,0.0
U0131,235,0.0,0.0,0.0,0.0,0.0,0.0,0.0,0.0
U0132,842,0.0,0.0,0.0,0.0,0.0,0.0,0.0,0.0
U0133,33,0.0,0.0,0.0,0.0,0.0,0.0,0.0,0.0
U0134,825,0.0,0.0,0.0,0.0,0.0,0.0,0.0,0.0
U0135,324,0.0,0.0,0.0,0.0,0.0,0.0,0.0,0.0
U0136,411,0.0,0.0,0.0,0.0,0.0,0.0,0.0,0.0
U0137,275,1.0,0.0,1.0,0.0,1.0,5.0,4.0,1.0
U0138,68,0.0,0.0,0.0,0.0,0.0,0.0,0.0,0.0
U0139,217,1.0,0.0,1.0,0.0,1.0,5.0,4.0,1.0
U0140,936,1.0,0.0,1.0,0.0,1.0,5.0,4.0,1.0
U0141,966,0.0,0.0,0.0,0.0,0.0,0.0,0.0,0.0
U0142,581,1.0,0.0,1.0,0.0,1.0,5.0,5.0,1.0
U0143,898,0.0,0.0,0.0,0.0,0.0,0.0,0.0,0.0
U0144,736,1.0,0.0,1.0,0.0,1.0,5.0,3.0,1.0
U0145,323,0.0,0.0,0.0,0.0,0.0,0.0,0.0,0.0
U0146,218,0.0,0.0,0.0,0.0,0.0,0.0,0.0,0.0
U0147,672,0.0,0.0,0.0,0.0,0.0,0.0,0.0,0.0
U0148,512,0.0,0.0,0.0,0.0,0.0,0.0,0.0,0.0
U0149,406,0.0,0.0,0.0,0.0,0.0,0.0,0.0,0.0
U0150,906,1.0,0.0,1.0,0.0,1.0,5.0,4.0,1.0
U0151,937,15.0,0.025637373593505198,14.0,0.06666666666666665,15.0,34.0,2.0,0.0
U0152,659,6.0,0.010952569290212662,6.0,0.0,6.0,36.0,2.0,0.0
U0153,470,18.0,0.025489733301864527,17.0,0.05555555555555558,18.0,32.0,2.0,0.0
U0154,147,13.0,0.02311522048364154,12.0,0.07692307692307687,13.0,34.0,2.0,0.0
U0155,272,13.0,0.02192920801821811,13.0,0.0,12.0,28.0,2.0,0.0
U0156,143,8.0,0.012959663048760733,8.0,0.0,8.0,31.0,2.0,0.0
U0157,253,10.0,0.018102824040550327,9.0,0.09999999999999998,10.0,31.0,2.0,0.0
U0158,763,7.0,0.011528643188493316,7.0,0.0,7.0,31.0,2.0,0.0
U0159,575,12.0,0.020892577331553596,12.0,0.0,12.0,30.0,2.0,0.0
U0160,552,17.0,0.026034355139232752,17.0,0.0,17.0,28.0,2.0,0.0
U0161,270,10.0,0.016139444803098774,10.0,0.0,10.0,31.0,2.0,0.0
U0162,765,13.0,0.023122758130021046,13.0,0.0,13.0,27.0,2.0,0.0
U0163,599,15.0,0.0237467018469657,13.0,0.1333333333333333,15.0,38.0,2.0,0.0
U0164,439,10.0,0.01894357970511161,9.0,0.09999999999999998,9.0,29.0,2.0,0.0
U0165,920,11.0,0.020608899297423888,10.0,0.09090909090909094,11.0,31.0,2.0,0.0
U0166,598,8.0,0.01757791042589812,7.0,0.125,8.0,34.0,2.0,0.0
U0167,409,14.0,0.02249899558055444,13.0,0.0714285714285714,13.0,33.0,2.0,0.0
U0168,371,8.0,0.012490567019698666,8.0,0.0,8.0,32.0,3.0,0.0
U0169,225,8.0,0.013027194268034522,8.0,0.0,8.0,37.0,2.0,0.0
U0170,142,10.0,0.01651300399064263,9.0,0.09999999999999998,10.0,37.0,2.0,0.0
U0171,522,14.0,0.02070495439980281,14.0,0.0,14.0,31.0,2.0,0.0
U0172,506,11.0,0.0210030549898167,11.0,0.0,11.0,28.0,2.0,0.0
U0173,94,11.0,0.01940948123750147,10.0,0.09090909090909094,11.0,38.0,2.0,0.0
U0174,774,12.0,0.02052802645834521,12.0,0.0,12.0,38.0,2.0,0.0
U0175,49,11.0,0.02161949685534591,11.0,0.0,11.0,29.0,2.0,0.0
U0176,882,16.0,0.02942709131594274,14.0,0.125,15.0,38.0,3.0,0.0
U0177,113,7.0,0.010688382745896426,7.0,0.0,7.0,31.0,2.0,0.0
U0178,157,13.0,0.02092050209205021,12.0,0.07692307692307687,13.0,32.0,3.0,0.0
U0179,643,11.0,0.017955275042167693,10.0,0.09090909090909094,11.0,34.0,2.0,0.0
U0180,164,13.0,0.0185953368616793,13.0,0.0,13.0,32.0,2.0,0.0
U0181,812,9.0,0.019249964351917864,9.0,0.0,8.0,30.0,2.0,0.0
U0182,697,12.0,0.018976332296663328,10.0,0.16666666666666663,12.0,32.0,2.0,0.0
U0183,433,8.0,0.013100794235650536,6.0,0.25,8.0,31.0,2.0,0.0
U0184,611,17.0,0.03040691608287375,16.0,0.05882352941176472,17.0,34.0,2.0,0.0
U0185,66,7.0,0.017899761336515514,7.0,0.0,7.0,31.0,2.0,0.0
U0186,395,7.0,0.010648547233913088,6.0,0.1428571428571429,7.0,29.0,2.0,0.0
U0187,391,8.0,0.021709633649932156,8.0,0.0,8.0,26.0,2.0,0.0
U0188,611,10.0,0.015854141894569955,9.0,0.09999999999999998,10.0,37.0,2.0,0.0
U0189,480,21.0,0.030449492508458194,18.0,0.1428571428571429,21.0,29.0,3.0,0.0
U0190,542,10.0,0.017542320849048332,10.0,0.0,9.0,29.0,2.0,0.0
U0191,258,11.0,0.017530811729706757,11.0,0.0,11.0,31.0,2.0,0.0
U0192,995,6.0,0.012985139229548406,6.0,0.0,6.0,25.0,2.0,0.0
U0193,567,11.0,0.022425333831674086,10.0,0.09090909090909094,11.0,33.0,2.0,0.0
U0194,882,16.0,0.024382810118866196,16.0,0.0,15.0,31.0,2.0,0.0
U0195,966,12.0,0.02272440348440853,10.0,0.16666666666666663,12.0,31.0,2.0,0.0
U0196,12,11.0,0.01799492870191128,11.0,0.0,11.0,29.0,2.0,0.0
U0197,697,12.0,0.019506380211860963,12.0,0.0,12.0,33.0,2.0,0.0
U0198,739,12.0,0.01700077920238011,11.0,0.08333333333333337,11.0,36.0,2.0,0.0
U0199,118,10.0,0.016000426678044747,10.0,0.0,10.0,36.0,2.0,0.0
U0200,699,10.0,0.017186560109993983,10.0,0.0,10.0,29.0,2.0,0.0
U0201,907,10.0,0.0159383716296985,9.0,0.09999999999999998,10.0,30.0,2.0,0.0
U0202,550,9.0,0.015711833338182664,9.0,0.0,9.0,29.0,2.0,0.0
U0203,769,15.0,0.03242191721603804,13.0,0.1333333333333333,15.0,31.0,2.0,0.0
U0204,274,13.0,0.023554991846348978,12.0,0.07692307692307687,13.0,29.0,2.0,0.0
U0205,788,15.0,0.024281667341157425,15.0,0.0,15.0,32.0,2.0,0.0
U0206,657,13.0,0.020074636468922918,13.0,0.0,12.0,32.0,2.0,0.0
U0207,349,15.0,0.022547349433811002,14.0,0.06666666666666665,14.0,37.0,2.0,0.0
U0208,115,7.0,0.014818473697209188,6.0,0.1428571428571429,7.0,36.0,2.0,0.0
U0209,301,6.0,0.01075011944577162,6.0,0.0,6.0,36.0,2.0,0.0
U0210,446,14.0,0.027221466070386936,14.0,0.0,14.0,31.0,2.0,0.0
U0211,162,12.0,0.017814726840855107,10.0,0.16666666666666663,12.0,37.0,2.0,0.0
U0212,465,13.0,0.021853636669281633,11.0,0.15384615384615385,13.0,31.0,2.0,0.0
U0213,4,14.0,0.020720276270350273,14.0,0.0,13.0,38.0,2.0,0.0
U0214,977,8.0,0.0134850400337126,8.0,0.0,8.0,29.0,2.0,0.0
U0215,740,17.0,0.02855623057756376,14.0,0.17647058823529416,16.0,37.0,2.0,0.0
U0216,897,11.0,0.018811994071371563,11.0,0.0,11.0,38.0,3.0,0.0
U0217,737,11.0,0.020877487109733337,10.0,0.09090909090909094,11.0,29.0,2.0,0.0
U0218,270,14.0,0.020871639417581873,12.0,0.1428571428571429,14.0,31.0,2.0,0.0
U0219,996,22.0,0.03246673389576211,20.0,0.09090909090909094,22.0,29.0,2.0,0.0
U0220,513,13.0,0.023148148148148147,13.0,0.0,12.0,33.0,2.0,0.0
U0221,781,9.0,0.0167027528611197,8.0,0.11111111111111116,9.0,30.0,2.0,0.0
U0222,183,11.0,0.017571417161417427,9.0,0.18181818181818177,11.0,29.0,2.0,0.0
U0223,520,10.0,0.014725010430215721,8.0,0.19999999999999996,10.0,29.0,3.0,0.0
U0224,935,8.0,0.013556641342107493,8.0,0.0,8.0,31.0,2.0,0.0
U0225,109,17.0,0.028757506555019876,15.0,0.11764705882352944,17.0,29.0,2.0,0.0
U0226,892,6.0,0.017460471432728684,6.0,0.0,6.0,29.0,2.0,0.0
U0227,641,20.0,0.02944062806673209,17.0,0.15000000000000002,20.0,33.0,2.0,0.0
U0228,306,15.0,0.02474158786012756,13.0,0.1333333333333333,15.0,31.0,2.0,0.0
U0229,862,13.0,0.020581017968811843,13.0,0.0,13.0,29.0,2.0,0.0
U0230,655,12.0,0.022934318659616485,12.0,0.0,12.0,29.0,2.0,0.0
U0231,520,10.0,0.01707796089146956,9.0,0.09999999999999998,10.0,31.0,2.0,0.0
U0232,624,12.0,0.01888722751239474,11.0,0.08333333333333337,12.0,36.0,2.0,0.0
U0233,204,7.0,0.014504264944572987,7.0,0.0,7.0,33.0,2.0,0.0
U0234,157,7.0,0.012743878386989108,7.0,0.0,7.0,26.0,2.0,0.0
U0235,383,20.0,0.029656723426340112,17.0,0.15000000000000002,20.0,36.0,2.0,0.0
U0236,781,8.0,0.01517114953064256,8.0,0.0,8.0,29.0,2.0,0.0
U0237,166,4.0,0.008632161996906808,4.0,0.0,4.0,26.0,2.0,0.0
U0238,553,8.0,0.014300184710719182,8.0,0.0,8.0,37.0,2.0,0.0
U0239,977,4.0,0.013701758392327014,4.0,0.0,4.0,32.0,2.0,0.0
U0240,798,9.0,0.021649360542035843,9.0,0.0,9.0,37.0,2.0,0.0
U0241,945,16.0,0.02741368971129958,14.0,0.125,16.0,32.0,2.0,0.0
U0242,544,8.0,0.016982133380505925,8.0,0.0,8.0,28.0,2.0,0.0
U0243,941,13.0,0.025508535548433516,11.0,0.15384615384615385,13.0,32.0,2.0,0.0
U0244,1,13.0,0.018384085980955974,12.0,0.07692307692307687,13.0,37.0,2.0,0.0
U0245,614,10.0,0.020654755757513167,8.0,0.19999999999999996,9.0,30.0,2.0,0.0
U0246,332,20.0,0.029923694578824,18.0,0.09999999999999998,20.0,31.0,2.0,0.0
U0247,501,7.0,0.010223206679161696,7.0,0.0,7.0,33.0,2.0,0.0
U0248,20,14.0,0.025106853573243267,12.0,0.1428571428571429,13.0,37.0,2.0,0.0
U0249,115,10.0,0.017349564815082555,10.0,0.0,10.0,31.0,2.0,0.0
U0250,952,8.0,0.012362212836097662,7.0,0.125,7.0,34.0,2.0,0.0
U0251,372,9.0,0.017696214976241194,9.0,0.0,9.0,31.0,2.0,0.0
U0252,900,7.0,0.014710002801905295,7.0,0.0,7.0,28.0,2.0,0.0
U0253,852,12.0,0.024058542453303036,12.0,0.0,11.0,37.0,2.0,0.0
U0254,827,12.0,0.02155365963179165,12.0,0.0,12.0,31.0,2.0,0.0
U0255,315,7.0,0.016784558206450067,7.0,0.0,7.0,31.0,2.0,0.0
U0256,246,11.0,0.02293577981651376,11.0,0.0,11.0,27.0,2.0,0.0
U0257,60,14.0,0.026082096503757066,13.0,0.0714285714285714,14.0,37.0,2.0,0.0
U0258,247,14.0,0.021743632221992132,13.0,0.0714285714285714,14.0,27.0,2.0,0.0
U0259,900,12.0,0.017276544691061786,12.0,0.0,12.0,30.0,2.0,0.0
U0260,581,15.0,0.021894613924974455,14.0,0.06666666666666665,15.0,37.0,2.0,0.0
U0261,970,8.0,0.012090375557290749,8.0,0.0,7.0,34.0,2.0,0.0
U0262,81,13.0,0.020575588910285155,13.0,0.0,13.0,37.0,2.0,0.0
U0263,88,16.0,0.02258982987034379,12.0,0.25,16.0,31.0,2.0,0.0
U0264,750,7.0,0.020893443438463832,7.0,0.0,7.0,31.0,2.0,0.0
U0265,498,11.0,0.01570867547304534,10.0,0.09090909090909094,10.0,31.0,2.0,0.0
U0266,836,8.0,0.013065490772497143,6.0,0.25,8.0,31.0,2.0,0.0
U0267,71,11.0,0.017887633140905763,10.0,0.09090909090909094,11.0,29.0,2.0,0.0
U0268,779,10.0,0.014882797966017613,10.0,0.0,10.0,31.0,1.0,0.0
U0269,546,15.0,0.023618947644666054,14.0,0.06666666666666665,15.0,37.0,2.0,0.0
U0270,785,9.0,0.013094718463553034,8.0,0.11111111111111116,9.0,26.0,2.0,0.0
U0271,129,12.0,0.023724010675804805,11.0,0.08333333333333337,12.0,33.0,2.0,0.0
U0272,132,13.0,0.02022978966205877,13.0,0.0,13.0,27.0,2.0,0.0
U0273,676,11.0,0.015476246306804858,10.0,0.09090909090909094,11.0,32.0,2.0,0.0
U0274,487,12.0,0.01922306768121746,10.0,0.16666666666666663,12.0,38.0,2.0,0.0
U0275,970,7.0,0.011323196376577159,7.0,0.0,7.0,37.0,2.0,0.0
U0276,563,8.0,0.012076686962210035,8.0,0.0,8.0,28.0,1.0,0.0
U0277,170,10.0,0.017642388779440736,10.0,0.0,10.0,33.0,3.0,0.0
U0278,272,11.0,0.015781167806417674,9.0,0.18181818181818177,10.0,34.0,2.0,0.0
U0279,541,7.0,0.012303365849371648,7.0,0.0,7.0,29.0,2.0,0.0
U0280,894,17.0,0.02494619448248875,15.0,0.11764705882352944,17.0,38.0,2.0,0.0
U0281,622,5.0,0.00966121344840912,5.0,0.0,5.0,27.0,2.0,0.0
U0282,434,9.0,0.014468677991533145,8.0,0.11111111111111116,9.0,29.0,2.0,0.0
U0283,988,12.0,0.02081225610637375,11.0,0.08333333333333337,12.0,38.0,2.0,0.0
U0284,217,15.0,0.023097058974490582,14.0,0.06666666666666665,14.0,27.0,2.0,0.0
U0285,952,19.0,0.030185082214631818,17.0,0.10526315789473684,19.0,29.0,2.0,0.0
U0286,553,8.0,0.01515773518173493,7.0,0.125,8.0,33.0,2.0,0.0
U0287,774,12.0,0.018573455436605185,9.0,0.25,11.0,38.0,2.0,0.0
U0288,748,7.0,0.014178651002633179,7.0,0.0,7.0,37.0,2.0,0.0
U0289,707,13.0,0.021089060725679988,12.0,0.07692307692307687,13.0,32.0,2.0,0.0
U0290,206,12.0,0.019067291650115198,11.0,0.08333333333333337,12.0,29.0,2.0,0.0
U0291,731,15.0,0.023433838462740195,13.0,0.1333333333333333,15.0,37.0,2.0,0.0
U0292,320,13.0,0.02095534898715813,13.0,0.0,13.0,32.0,2.0,0.0
U0293,409,13.0,0.01968454258675079,12.0,0.07692307692307687,13.0,37.0,2.0,0.0
U0294,688,13.0,0.01882193962500905,10.0,0.23076923076923073,13.0,36.0,2.0,0.0
U0295,666,14.0,0.021322502855692347,13.0,0.0714285714285714,14.0,32.0,2.0,0.0
U0296,383,12.0,0.02266645679206674,11.0,0.08333333333333337,11.0,37.0,2.0,0.0
U0297,449,14.0,0.023038314911823593,12.0,0.1428571428571429,14.0,27.0,2.0,0.0
U0298,922,14.0,0.02273834659736885,12.0,0.1428571428571429,14.0,37.0,2.0,0.0
U0299,530,8.0,0.0118098612341305,8.0,0.0,8.0,27.0,2.0,0.0
U0300,463,14.0,0.021987226468432625,13.0,0.0714285714285714,13.0,29.0,2.0,0.0
U0301,124,8.0,0.011643985153918929,8.0,0.0,7.0,33.0,2.0,0.0
U0302,254,13.0,0.019484899203117585,12.0,0.07692307692307687,13.0,28.0,2.0,0.0
U0303,231,16.0,0.023164346210457737,14.0,0.125,16.0,34.0,2.0,0.0
U0304,66,10.0,0.01481115773882992,10.0,0.0,10.0,37.0,2.0,0.0
U0305,347,14.0,0.020899161545542756,14.0,0.0,14.0,37.0,2.0,0.0
U0306,22,9.0,0.01344721966282342,8.0,0.11111111111111116,9.0,27.0,2.0,0.0
U0307,603,12.0,0.019139264733246498,11.0,0.08333333333333337,12.0,32.0,2.0,0.0
U0308,568,21.0,0.03140030403468986,17.0,0.19047619047619047,21.0,28.0,3.0,0.0
U0309,236,15.0,0.025250399797996804,13.0,0.1333333333333333,15.0,32.0,2.0,0.0
U0310,603,12.0,0.01805869074492099,12.0,0.0,12.0,28.0,2.0,0.0
U0311,226,11.0,0.03286525246489393,10.0,0.09090909090909094,10.0,27.0,2.0,0.0
U0312,8,10.0,0.015076513305022993,10.0,0.0,10.0,38.0,2.0,0.0
U0313,73,7.0,0.013297451321829983,7.0,0.0,7.0,29.0,2.0,0.0
U0314,725,9.0,0.018515343733927655,9.0,0.0,9.0,32.0,2.0,0.0
U0315,647,9.0,0.01646241082860801,9.0,0.0,9.0,38.0,2.0,0.0
U0316,61,9.0,0.014096272319097838,8.0,0.11111111111111116,9.0,34.0,2.0,0.0
U0317,235,13.0,0.01982664395922829,12.0,0.07692307692307687,13.0,32.0,2.0,0.0
U0318,70,7.0,0.018484288354898338,7.0,0.0,7.0,34.0,2.0,0.0
U0319,928,12.0,0.01750759878419453,12.0,0.0,12.0,31.0,2.0,0.0
U0320,33,19.0,0.032314757072396394,16.0,0.1578947368421053,19.0,32.0,2.0,0.0
U0321,881,14.0,0.02473862465027242,13.0,0.0714285714285714,13.0,33.0,2.0,0.0
U0322,339,12.0,0.019211270612092428,11.0,0.08333333333333337,12.0,37.0,2.0,0.0
U0323,73,16.0,0.02708497912199526,12.0,0.25,16.0,37.0,2.0,0.0
U0324,527,10.0,0.015115634604726154,10.0,0.0,10.0,28.0,2.0,0.0
U0325,244,12.0,0.03297307199120718,12.0,0.0,11.0,32.0,2.0,0.0
U0326,286,9.0,0.020706315426204994,9.0,0.0,9.0,34.0,2.0,0.0
U0327,686,19.0,0.027842227378190258,16.0,0.1578947368421053,19.0,30.0,3.0,0.0
U0328,498,17.0,0.02697342324474415,16.0,0.05882352941176472,17.0,29.0,2.0,0.0
U0329,220,5.0,0.009759271307742354,5.0,0.0,5.0,30.0,2.0,0.0
U0330,553,16.0,0.026564099726057718,15.0,0.0625,16.0,37.0,2.0,0.0
U0331,136,11.0,0.0167521193969237,10.0,0.09090909090909094,11.0,27.0,2.0,0.0
U0332,741,6.0,0.018796011068762074,6.0,0.0,6.0,29.0,2.0,0.0
U0333,958,7.0,0.012658609361343017,7.0,0.0,7.0,37.0,1.0,0.0
U0334,904,14.0,0.024585125998770743,13.0,0.0714285714285714,14.0,36.0,2.0,0.0
U0335,585,20.0,0.02939951490800402,15.0,0.25,18.0,37.0,2.0,0.0
U0336,591,9.0,0.014092593559162796,8.0,0.11111111111111116,9.0,32.0,2.0,0.0
U0337,485,10.0,0.01680672268907563,9.0,0.09999999999999998,10.0,27.0,1.0,0.0
U0338,249,9.0,0.018881779083184728,9.0,0.0,9.0,30.0,2.0,0.0
U0339,804,18.0,0.02736186060652124,16.0,0.11111111111111116,17.0,36.0,2.0,0.0
U0340,485,13.0,0.023805890431863267,12.0,0.07692307692307687,13.0,32.0,2.0,0.0
U0341,827,5.0,0.015809443507588533,5.0,0.0,5.0,36.0,2.0,0.0
U0342,417,16.0,0.03180809118319473,14.0,0.125,16.0,37.0,2.0,0.0
U0343,195,9.0,0.01509433962264151,8.0,0.11111111111111116,9.0,31.0,2.0,0.0
U0344,97,10.0,0.019141198239009765,7.0,0.30000000000000004,10.0,28.0,3.0,0.0
U0345,100,11.0,0.02094041500095184,9.0,0.18181818181818177,11.0,32.0,2.0,0.0
U0346,675,15.0,0.02372291633718172,14.0,0.06666666666666665,14.0,26.0,2.0,0.0
U0347,442,11.0,0.01803525071731111,10.0,0.09090909090909094,11.0,33.0,2.0,0.0
U0348,363,8.0,0.012539840117038507,7.0,0.125,8.0,31.0,2.0,0.0
U0349,434,13.0,0.02049988173145155,13.0,0.0,13.0,32.0,2.0,0.0
U0350,421,13.0,0.022406710522535983,12.0,0.07692307692307687,13.0,31.0,2.0,0.0
U0351,479,12.0,0.017189514396218308,12.0,0.0,12.0,28.0,2.0,0.0
U0352,885,12.0,0.018321543081072828,11.0,0.08333333333333337,12.0,31.0,2.0,0.0
U0353,747,8.0,0.011841326228537596,8.0,0.0,8.0,30.0,2.0,0.0
U0354,56,15.0,0.022590928487160822,15.0,0.0,15.0,31.0,2.0,0.0
U0355,690,11.0,0.019385537214357047,11.0,0.0,11.0,33.0,2.0,0.0
U0356,670,12.0,0.02353402627966268,11.0,0.08333333333333337,11.0,38.0,2.0,0.0
U0357,662,12.0,0.020188991391638392,10.0,0.16666666666666663,12.0,34.0,2.0,0.0
U0358,101,9.0,0.01333497962711446,7.0,0.2222222222222222,9.0,36.0,2.0,0.0
U0359,63,9.0,0.02071664236937006,8.0,0.11111111111111116,9.0,29.0,2.0,0.0
U0360,413,9.0,0.014156879194630873,9.0,0.0,9.0,33.0,2.0,0.0
U0361,746,18.0,0.028388928317956,16.0,0.11111111111111116,18.0,36.0,2.0,0.0
U0362,348,11.0,0.01997639153727413,11.0,0.0,11.0,32.0,2.0,0.0
U0363,820,8.0,0.014246705449364835,8.0,0.0,8.0,31.0,2.0,0.0
U0364,883,8.0,0.01614042166851609,8.0,0.0,8.0,28.0,2.0,0.0
U0365,112,14.0,0.021736880240140772,14.0,0.0,14.0,32.0,2.0,0.0
U0366,255,10.0,0.018609267415172756,10.0,0.0,10.0,31.0,2.0,0.0
U0367,197,11.0,0.019881913483552234,10.0,0.09090909090909094,11.0,33.0,2.0,0.0
U0368,195,11.0,0.026209197045508698,11.0,0.0,10.0,37.0,2.0,0.0
U0369,550,13.0,0.020282393322412044,11.0,0.15384615384615385,13.0,36.0,2.0,0.0
U0370,460,9.0,0.01876042245692051,8.0,0.11111111111111116,9.0,31.0,2.0,0.0
U0371,144,10.0,0.020062863639403464,10.0,0.0,10.0,27.0,2.0,0.0
U0372,433,12.0,0.01981069777679947,12.0,0.0,12.0,29.0,2.0,0.0
U0373,188,12.0,0.02126026102876041,9.0,0.25,12.0,33.0,2.0,0.0
U0374,286,13.0,0.019139225597487364,12.0,0.07692307692307687,13.0,37.0,2.0,0.0
U0375,474,12.0,0.018665422305179657,10.0,0.16666666666666663,12.0,31.0,2.0,0.0
U0376,256,9.0,0.012739755113596148,7.0,0.2222222222222222,9.0,34.0,2.0,0.0
U0377,896,11.0,0.018114450391107453,10.0,0.09090909090909094,11.0,34.0,3.0,0.0
U0378,946,9.0,0.018149430309548617,9.0,0.0,9.0,36.0,3.0,0.0
U0379,78,12.0,0.017697809896025367,11.0,0.08333333333333337,12.0,36.0,2.0,0.0
U0380,454,13.0,0.020679233277658474,11.0,0.15384615384615385,13.0,34.0,2.0,0.0
U0381,828,14.0,0.026471700491617293,12.0,0.1428571428571429,14.0,37.0,2.0,0.0
U0382,883,10.0,0.01747997086671522,9.0,0.09999999999999998,10.0,33.0,2.0,0.0
U0383,877,11.0,0.018169304886441844,11.0,0.0,11.0,33.0,2.0,0.0
U0384,564,13.0,0.020748543611842633,12.0,0.07692307692307687,12.0,32.0,2.0,0.0
U0385,101,8.0,0.012100128563865992,8.0,0.0,8.0,33.0,2.0,0.0
U0386,52,15.0,0.023884716435338765,14.0,0.06666666666666665,15.0,31.0,3.0,0.0
U0387,668,11.0,0.01573264046149079,10.0,0.09090909090909094,11.0,37.0,2.0,0.0
U0388,554,11.0,0.015485324135989301,11.0,0.0,11.0,32.0,2.0,0.0
U0389,857,12.0,0.027002700270027005,12.0,0.0,12.0,34.0,2.0,0.0
U0390,16,10.0,0.01465380388325803,10.0,0.0,10.0,31.0,2.0,0.0
U0391,993,12.0,0.018602247771605733,12.0,0.0,12.0,37.0,2.0,0.0
U0392,96,9.0,0.018844221105527637,8.0,0.11111111111111116,9.0,37.0,2.0,0.0
U0393,949,6.0,0.011923293478620874,5.0,0.16666666666666663,6.0,30.0,2.0,0.0
U0394,772,11.0,0.022407061619419452,10.0,0.09090909090909094,11.0,37.0,2.0,0.0
U0395,870,10.0,0.017212197710777703,9.0,0.09999999999999998,10.0,29.0,2.0,0.0
U0396,243,7.0,0.01553082128462079,7.0,0.0,7.0,36.0,2.0,0.0
U0397,171,12.0,0.020730162386272025,11.0,0.08333333333333337,11.0,31.0,2.0,0.0
U0398,417,14.0,0.02058016464131713,14.0,0.0,14.0,31.0,2.0,0.0
U0399,498,11.0,0.015916270769527577,10.0,0.09090909090909094,11.0,32.0,2.0,0.0
U0400,493,8.0,0.022713292007760375,8.0,0.0,7.0,25.0,2.0,0.0
U0401,219,9.0,0.017916390179163903,7.0,0.2222222222222222,9.0,37.0,2.0,0.0
U0402,886,15.0,0.022070724410221197,13.0,0.1333333333333333,15.0,31.0,2.0,0.0
U0403,411,9.0,0.013449229159921298,9.0,0.0,9.0,37.0,2.0,0.0
U0404,925,11.0,0.02036597031505539,11.0,0.0,11.0,28.0,2.0,0.0
U0405,61,16.0,0.02504042986071261,14.0,0.125,16.0,38.0,3.0,0.0
U0406,169,12.0,0.01988400994200497,11.0,0.08333333333333337,12.0,32.0,2.0,0.0
U0407,389,12.0,0.01906476725096648,10.0,0.16666666666666663,12.0,31.0,2.0,0.0
U0408,3,9.0,0.018232156121277602,9.0,0.0,9.0,28.0,3.0,0.0
U0409,400,5.0,0.009718172983479106,5.0,0.0,5.0,26.0,2.0,0.0
U0410,272,10.0,0.014537348872144017,10.0,0.0,10.0,32.0,2.0,0.0
U0411,949,11.0,0.017055585704318164,11.0,0.0,11.0,30.0,2.0,0.0
U0412,803,17.0,0.02769180648314058,15.0,0.11764705882352944,16.0,38.0,2.0,0.0
U0413,804,11.0,0.018212925658148905,11.0,0.0,11.0,28.0,2.0,0.0
U0414,466,17.0,0.024613305663473372,16.0,0.05882352941176472,17.0,33.0,2.0,0.0
U0415,293,16.0,0.027306084136871744,14.0,0.125,16.0,32.0,2.0,0.0
U0416,434,11.0,0.018704832081621083,11.0,0.0,11.0,37.0,2.0,0.0
U0417,714,15.0,0.021205409735639225,12.0,0.19999999999999996,15.0,38.0,2.0,0.0
U0418,981,13.0,0.022456382794955952,9.0,0.3076923076923077,13.0,36.0,2.0,0.0
U0419,749,14.0,0.021093867711315353,12.0,0.1428571428571429,14.0,38.0,2.0,0.0
U0420,803,11.0,0.018769729545260645,9.0,0.18181818181818177,10.0,25.0,2.0,0.0
U0421,570,6.0,0.00967533863685229,6.0,0.0,6.0,27.0,2.0,0.0
U0422,678,10.0,0.01995543286659793,10.0,0.0,10.0,31.0,2.0,0.0
U0423,736,6.0,0.012446411284746231,6.0,0.0,6.0,26.0,2.0,0.0
U0424,499,11.0,0.018179314144057292,11.0,0.0,10.0,23.0,2.0,0.0
U0425,159,15.0,0.023315458148752622,13.0,0.1333333333333333,14.0,33.0,2.0,0.0
U0426,195,8.0,0.014839088632639812,8.0,0.0,8.0,32.0,1.0,0.0
U0427,304,16.0,0.029752680840513235,15.0,0.0625,16.0,37.0,2.0,0.0
U0428,223,16.0,0.022482962130260662,14.0,0.125,16.0,31.0,2.0,0.0
U0429,992,16.0,0.031347962382445145,14.0,0.125,15.0,38.0,2.0,0.0
U0430,60,14.0,0.021105527638190954,10.0,0.2857142857142857,14.0,29.0,2.0,0.0
U0431,594,4.0,0.007160545394874243,4.0,0.0,4.0,29.0,2.0,0.0
U0432,754,10.0,0.015607928827844545,9.0,0.09999999999999998,10.0,24.0,2.0,0.0
U0433,556,12.0,0.01773486378639342,11.0,0.08333333333333337,12.0,32.0,2.0,0.0
U0434,63,6.0,0.010036241984945637,5.0,0.16666666666666663,6.0,37.0,2.0,0.0
U0435,766,8.0,0.013336667500208385,7.0,0.125,8.0,29.0,2.0,0.0
U0436,322,16.0,0.023291360361016086,14.0,0.125,15.0,37.0,2.0,0.0
U0437,59,8.0,0.01627891202604626,8.0,0.0,8.0,31.0,2.0,0.0
U0438,52,14.0,0.022653110757530813,11.0,0.2142857142857143,14.0,33.0,2.0,0.0
U0439,599,14.0,0.020775109440308658,13.0,0.0714285714285714,14.0,37.0,2.0,0.0
U0440,489,9.0,0.02572163475278651,9.0,0.0,9.0,36.0,2.0,0.0
U0441,515,10.0,0.015798620253831164,9.0,0.09999999999999998,10.0,25.0,3.0,0.0
U0442,942,13.0,0.02007205352547607,12.0,0.07692307692307687,13.0,37.0,2.0,0.0
U0443,874,6.0,0.032730248204382216,5.0,0.16666666666666663,6.0,31.0,2.0,0.0
U0444,544,10.0,0.019588638589618023,10.0,0.0,10.0,32.0,2.0,0.0
U0445,162,12.0,0.018301052310507854,12.0,0.0,12.0,26.0,2.0,0.0
U0446,59,7.0,0.015707981150422618,7.0,0.0,7.0,36.0,2.0,0.0
U0447,984,17.0,0.026443367122080213,16.0,0.05882352941176472,16.0,34.0,2.0,0.0
U0448,521,17.0,0.026846344159604147,14.0,0.17647058823529416,17.0,34.0,2.0,0.0
U0449,83,10.0,0.022220576253610843,10.0,0.0,10.0,29.0,2.0,0.0
U0450,872,10.0,0.01695921309251251,9.0,0.09999999999999998,10.0,36.0,2.0,0.0
U0451,191,11.0,0.017289254466390735,9.0,0.18181818181818177,11.0,30.0,2.0,0.0
U0452,71,10.0,0.016972165648336725,9.0,0.09999999999999998,10.0,31.0,2.0,0.0
U0453,610,16.0,0.02625533311453889,13.0,0.1875,16.0,29.0,2.0,0.0
U0454,70,12.0,0.020066889632107024,12.0,0.0,12.0,31.0,2.0,0.0
U0455,692,13.0,0.02587579617834395,13.0,0.0,13.0,37.0,2.0,0.0
U0456,883,22.0,0.03486529318541997,18.0,0.18181818181818177,21.0,37.0,3.0,0.0
U0457,241,11.0,0.016410970485118234,11.0,0.0,11.0,29.0,2.0,0.0
U0458,414,14.0,0.02389962158932484,12.0,0.1428571428571429,14.0,31.0,2.0,0.0
U0459,123,11.0,0.01947707017647406,9.0,0.18181818181818177,11.0,30.0,2.0,0.0
U0460,965,9.0,0.018670262420910695,9.0,0.0,9.0,37.0,2.0,0.0
U0461,912,13.0,0.020193651944286233,11.0,0.15384615384615385,13.0,36.0,2.0,0.0
U0462,584,11.0,0.020642417039376974,10.0,0.09090909090909094,10.0,38.0,2.0,0.0
U0463,253,8.0,0.015227943275911296,8.0,0.0,8.0,28.0,2.0,0.0
U0464,593,10.0,0.016328307843030535,9.0,0.09999999999999998,10.0,29.0,2.0,0.0
U0465,609,15.0,0.03451184906818008,14.0,0.06666666666666665,15.0,29.0,2.0,0.0
U0466,41,7.0,0.013625304136253041,7.0,0.0,7.0,31.0,1.0,0.0
U0467,635,13.0,0.01845629643651507,13.0,0.0,13.0,32.0,2.0,0.0
U0468,84,12.0,0.021180831347630397,11.0,0.08333333333333337,12.0,31.0,2.0,0.0
U0469,430,14.0,0.022262270751616665,13.0,0.0714285714285714,13.0,34.0,2.0,0.0
U0470,674,8.0,0.01897083234526915,7.0,0.125,8.0,28.0,2.0,0.0
U0471,598,8.0,0.013461214874642437,7.0,0.125,8.0,31.0,2.0,0.0
U0472,579,5.0,0.009457159069415546,5.0,0.0,5.0,37.0,2.0,0.0
U0473,536,9.0,0.016360661697873112,8.0,0.11111111111111116,9.0,38.0,2.0,0.0
U0474,324,13.0,0.01889901143632487,13.0,0.0,13.0,31.0,2.0,0.0
U0475,958,9.0,0.017369487600115797,9.0,0.0,9.0,27.0,2.0,0.0
U0476,268,10.0,0.019466614755693983,9.0,0.09999999999999998,10.0,33.0,2.0,0.0
U0477,210,8.0,0.01507253658230233,8.0,0.0,8.0,31.0,2.0,0.0
U0478,686,13.0,0.021106751454471655,12.0,0.07692307692307687,12.0,27.0,2.0,0.0
U0479,734,10.0,0.016970245502884944,10.0,0.0,10.0,31.0,2.0,0.0
U0480,322,15.0,0.02181818181818182,14.0,0.06666666666666665,15.0,32.0,2.0,0.0
U0481,245,10.0,0.015865460891638903,9.0,0.09999999999999998,10.0,38.0,2.0,0.0
U0482,272,20.0,0.030888825967206362,17.0,0.15000000000000002,20.0,32.0,2.0,0.0
U0483,406,8.0,0.016192146808797735,8.0,0.0,8.0,30.0,2.0,0.0
U0484,135,12.0,0.018994855559952513,11.0,0.08333333333333337,11.0,32.0,2.0,0.0
U0485,688,6.0,0.009870044415199869,6.0,0.0,6.0,28.0,2.0,0.0
U0486,661,13.0,0.0199682555936716,12.0,0.07692307692307687,12.0,31.0,2.0,0.0
U0487,308,7.0,0.010887880751782243,7.0,0.0,7.0,31.0,2.0,0.0
U0488,469,13.0,0.030757097791798107,12.0,0.07692307692307687,13.0,36.0,2.0,0.0
U0489,324,13.0,0.01942231075697211,13.0,0.0,13.0,34.0,2.0,0.0
U0490,952,14.0,0.020575123695684126,13.0,0.0714285714285714,13.0,32.0,2.0,0.0
U0491,770,13.0,0.023602033405954976,11.0,0.15384615384615385,12.0,32.0,2.0,0.0
U0492,959,12.0,0.0208375539027002,10.0,0.16666666666666663,10.0,27.0,2.0,0.0
U0493,75,15.0,0.02468797147167741,15.0,0.0,14.0,31.0,2.0,0.0
U0494,10,15.0,0.022712933753943218,13.0,0.1333333333333333,15.0,31.0,2.0,0.0
U0495,470,11.0,0.018025399426464563,10.0,0.09090909090909094,11.0,28.0,2.0,0.0
U0496,637,18.0,0.025566971260830455,16.0,0.11111111111111116,17.0,36.0,2.0,0.0
U0497,577,5.0,0.010363052264326919,5.0,0.0,5.0,28.0,2.0,0.0
U0498,103,12.0,0.01693320790216369,11.0,0.08333333333333337,12.0,32.0,2.0,0.0
U0499,76,12.0,0.023577182526688063,11.0,0.08333333333333337,12.0,37.0,2.0,0.0
U0500,551,17.0,0.024565290689273156,12.0,0.2941176470588235,17.0,37.0,2.0,0.0
U0501,219,8.0,0.021661627329753148,8.0,0.0,8.0,31.0,2.0,0.0
U0502,519,14.0,0.030139935414424113,13.0,0.0714285714285714,13.0,32.0,2.0,0.0
U0503,272,11.0,0.020126246455036138,10.0,0.09090909090909094,11.0,29.0,2.0,0.0
U0504,136,12.0,0.022656471254602097,12.0,0.0,12.0,31.0,2.0,0.0
U0505,956,7.0,0.013206301292330913,7.0,0.0,7.0,32.0,3.0,0.0
U0506,358,8.0,0.01173192550227306,8.0,0.0,8.0,28.0,2.0,0.0
U0507,903,11.0,0.018508132361189006,10.0,0.09090909090909094,11.0,30.0,3.0,0.0
U0508,71,11.0,0.018322645123677855,9.0,0.18181818181818177,11.0,36.0,2.0,0.0
U0509,901,10.0,0.018477457501847743,10.0,0.0,10.0,38.0,2.0,0.0
U0510,251,12.0,0.02051749686538242,12.0,0.0,12.0,29.0,2.0,0.0
U0511,379,14.0,0.023103581055063535,13.0,0.0714285714285714,14.0,24.0,2.0,0.0
U0512,292,10.0,0.01638896476372576,10.0,0.0,10.0,38.0,2.0,0.0
U0513,162,18.0,0.028174893039757905,15.0,0.16666666666666663,18.0,33.0,2.0,0.0
U0514,449,7.0,0.012211077191452245,7.0,0.0,7.0,28.0,2.0,0.0
U0515,854,7.0,0.010497375656085979,7.0,0.0,7.0,36.0,2.0,0.0
U0516,557,14.0,0.02564337393534206,13.0,0.0714285714285714,14.0,37.0,2.0,0.0
U0517,721,11.0,0.01644286105782406,9.0,0.18181818181818177,11.0,36.0,2.0,0.0
U0518,310,10.0,0.014529955925800359,10.0,0.0,10.0,36.0,2.0,0.0
U0519,627,11.0,0.027472527472527476,11.0,0.0,11.0,31.0,2.0,0.0
U0520,827,16.0,0.024278596899420853,14.0,0.125,16.0,33.0,2.0,0.0
U0521,670,15.0,0.028853552192869968,14.0,0.06666666666666665,15.0,32.0,2.0,0.0
U0522,542,16.0,0.027380850517669204,15.0,0.0625,16.0,31.0,2.0,0.0
U0523,9,13.0,0.022137707895782482,12.0,0.07692307692307687,13.0,31.0,2.0,0.0
U0524,684,7.0,0.015605841043361943,6.0,0.1428571428571429,6.0,29.0,2.0,0.0
U0525,837,6.0,0.010460251046025104,5.0,0.16666666666666663,6.0,29.0,2.0,0.0
U0526,568,8.0,0.016793198754504426,7.0,0.125,8.0,31.0,2.0,0.0
U0527,307,13.0,0.023582053452654492,12.0,0.07692307692307687,13.0,28.0,2.0,0.0
U0528,955,9.0,0.026569572918716786,8.0,0.11111111111111116,9.0,37.0,2.0,0.0
U0529,680,9.0,0.01833367284579344,8.0,0.11111111111111116,9.0,31.0,3.0,0.0
U0530,107,10.0,0.018336847895846702,10.0,0.0,10.0,27.0,2.0,0.0
U0531,962,11.0,0.021730541288028447,11.0,0.0,11.0,36.0,2.0,0.0
U0532,900,7.0,0.013961837643773685,6.0,0.1428571428571429,7.0,32.0,2.0,0.0
U0533,138,14.0,0.019597321699367752,14.0,0.0,14.0,30.0,2.0,0.0
U0534,271,9.0,0.01519885164232036,9.0,0.0,9.0,30.0,2.0,0.0
U0535,119,8.0,0.014193624696906973,7.0,0.125,7.0,32.0,2.0,0.0
U0536,912,6.0,0.00960256068284876,4.0,0.33333333333333337,6.0,32.0,2.0,0.0
U0537,110,18.0,0.029573646594923193,15.0,0.16666666666666663,18.0,37.0,2.0,0.0
U0538,761,6.0,0.022979701263883566,6.0,0.0,6.0,31.0,2.0,0.0
U0539,567,14.0,0.022171778493374865,12.0,0.1428571428571429,14.0,37.0,2.0,0.0
U0540,160,12.0,0.020431907829393567,12.0,0.0,12.0,31.0,2.0,0.0
U0541,279,11.0,0.01746031746031746,11.0,0.0,11.0,29.0,2.0,0.0
U0542,289,12.0,0.025284450063211124,11.0,0.08333333333333337,12.0,28.0,2.0,0.0
U0543,620,10.0,0.016192583796621147,10.0,0.0,10.0,38.0,2.0,0.0
U0544,216,12.0,0.017201012948540303,9.0,0.25,12.0,36.0,2.0,0.0
U0545,735,14.0,0.024146257330113833,13.0,0.0714285714285714,14.0,30.0,2.0,0.0
U0546,352,9.0,0.019790368687238876,9.0,0.0,9.0,26.0,2.0,0.0
U0547,209,8.0,0.013281314850170166,7.0,0.125,8.0,36.0,2.0,0.0
U0548,704,17.0,0.027734725507790194,16.0,0.05882352941176472,17.0,33.0,2.0,0.0
U0549,650,10.0,0.017729972518542598,10.0,0.0,10.0,26.0,2.0,0.0
U0550,874,10.0,0.020540910647038686,8.0,0.19999999999999996,10.0,33.0,2.0,0.0
U0551,271,12.0,0.01907032181168057,11.0,0.08333333333333337,12.0,34.0,2.0,0.0
U0552,518,11.0,0.02041826506620468,9.0,0.18181818181818177,11.0,28.0,2.0,0.0
U0553,501,18.0,0.025539160045402954,16.0,0.11111111111111116,18.0,34.0,2.0,0.0
U0554,258,11.0,0.022577224369719155,11.0,0.0,10.0,38.0,2.0,0.0
U0555,928,7.0,0.010984699882306787,7.0,0.0,7.0,32.0,2.0,0.0
U0556,930,12.0,0.02395687762028349,12.0,0.0,12.0,26.0,3.0,0.0
U0557,867,12.0,0.018762214983713353,11.0,0.08333333333333337,12.0,29.0,2.0,0.0
U0558,53,11.0,0.01830485910805414,9.0,0.18181818181818177,11.0,33.0,2.0,0.0
U0559,95,15.0,0.025630072618539085,14.0,0.06666666666666665,15.0,29.0,2.0,0.0
U0560,650,15.0,0.024356580336120807,13.0,0.1333333333333333,15.0,31.0,2.0,0.0
U0561,434,10.0,0.01531745423910546,10.0,0.0,10.0,22.0,2.0,0.0
U0562,850,20.0,0.028364100503462785,19.0,0.050000000000000044,19.0,34.0,2.0,0.0
U0563,284,13.0,0.018781151429052997,12.0,0.07692307692307687,13.0,36.0,2.0,0.0
U0564,46,7.0,0.013870541611624834,7.0,0.0,7.0,29.0,2.0,0.0
U0565,4,10.0,0.015167218584898504,10.0,0.0,10.0,36.0,2.0,0.0
U0566,342,11.0,0.015725143551499846,9.0,0.18181818181818177,11.0,31.0,2.0,0.0
U0567,790,16.0,0.023013856259289447,15.0,0.0625,16.0,36.0,3.0,0.0
U0568,134,10.0,0.02381235861412073,9.0,0.09999999999999998,10.0,30.0,2.0,0.0
U0569,653,17.0,0.02523565649818155,17.0,0.0,17.0,38.0,2.0,0.0
U0570,269,6.0,0.020890152614170487,6.0,0.0,6.0,31.0,2.0,0.0
U0571,166,10.0,0.01504853151413308,9.0,0.09999999999999998,10.0,34.0,2.0,0.0
U0572,760,8.0,0.012114787612629666,6.0,0.25,8.0,27.0,2.0,0.0
U0573,453,11.0,0.021339886187273668,11.0,0.0,11.0,37.0,2.0,0.0
U0574,565,9.0,0.013702801461632157,8.0,0.11111111111111116,9.0,26.0,2.0,0.0
U0575,723,6.0,0.011742831979645757,6.0,0.0,6.0,31.0,3.0,0.0
U0576,438,13.0,0.019306930693069307,12.0,0.07692307692307687,13.0,27.0,1.0,0.0
U0577,575,12.0,0.019194369651568875,11.0,0.08333333333333337,12.0,28.0,2.0,0.0
U0578,10,11.0,0.022340317503300275,9.0,0.18181818181818177,11.0,32.0,2.0,0.0
U0579,115,11.0,0.017312383600451172,9.0,0.18181818181818177,10.0,33.0,2.0,0.0
U0580,78,18.0,0.033582089552238806,17.0,0.05555555555555558,17.0,36.0,2.0,0.0
U0581,968,7.0,0.012718793531585004,5.0,0.2857142857142857,7.0,30.0,2.0,0.0
U0582,905,8.0,0.01659865827512276,8.0,0.0,8.0,29.0,2.0,0.0
U0583,708,12.0,0.020870170149859417,10.0,0.16666666666666663,12.0,29.0,2.0,0.0
U0584,926,14.0,0.021200878322101914,12.0,0.1428571428571429,14.0,31.0,2.0,0.0
U0585,153,9.0,0.014885464619455854,8.0,0.11111111111111116,9.0,36.0,2.0,0.0
U0586,559,15.0,0.029487893581468496,13.0,0.1333333333333333,14.0,38.0,2.0,0.0
U0587,37,24.0,0.04071822423299873,18.0,0.25,23.0,33.0,2.0,0.0
U0588,855,12.0,0.01802072383240727,11.0,0.08333333333333337,12.0,32.0,2.0,0.0
U0589,379,13.0,0.023705324580598104,12.0,0.07692307692307687,13.0,36.0,2.0,0.0
U0590,597,10.0,0.016923337282112032,9.0,0.09999999999999998,10.0,29.0,2.0,0.0
U0591,566,13.0,0.01992133626194003,11.0,0.15384615384615385,13.0,37.0,2.0,0.0
U0592,152,17.0,0.03149411801031278,16.0,0.05882352941176472,17.0,31.0,2.0,0.0
U0593,441,14.0,0.020495803240288893,14.0,0.0,14.0,29.0,2.0,0.0
U0594,131,11.0,0.01729650400964411,9.0,0.18181818181818177,11.0,31.0,2.0,0.0
U0595,43,14.0,0.032628962088253576,13.0,0.0714285714285714,14.0,31.0,2.0,0.0
U0596,316,11.0,0.044873538210497686,11.0,0.0,10.0,31.0,2.0,0.0
U0597,374,10.0,0.020942408376963352,9.0,0.09999999999999998,10.0,28.0,2.0,0.0
U0598,921,7.0,0.01040917990532603,7.0,0.0,7.0,27.0,2.0,0.0
U0599,956,9.0,0.01590761798150003,8.0,0.11111111111111116,9.0,31.0,2.0,0.0
U0600,816,7.0,0.012349309026756836,7.0,0.0,7.0,31.0,2.0,0.0
U0601,996,13.0,0.02199041443473358,12.0,0.07692307692307687,13.0,37.0,2.0,0.0
U0602,882,12.0,0.019098649831560517,11.0,0.08333333333333337,12.0,34.0,2.0,0.0
U0603,41,10.0,0.017018862572684725,8.0,0.19999999999999996,10.0,27.0,2.0,0.0
U0604,921,12.0,0.01727944705769415,11.0,0.08333333333333337,12.0,29.0,2.0,0.0
U0605,367,16.0,0.024762052155072354,14.0,0.125,16.0,31.0,2.0,0.0
U0606,216,13.0,0.019446037246640572,12.0,0.07692307692307687,13.0,27.0,2.0,0.0
U0607,699,6.0,0.016722408026755852,5.0,0.16666666666666663,6.0,34.0,2.0,0.0
U0608,256,16.0,0.026726801971101645,14.0,0.125,16.0,37.0,2.0,0.0
U0609,683,12.0,0.01927762456826153,11.0,0.08333333333333337,12.0,28.0,2.0,0.0
U0610,106,14.0,0.02553346708006566,14.0,0.0,13.0,27.0,2.0,0.0
U0611,363,14.0,0.024791924915884538,14.0,0.0,14.0,37.0,3.0,0.0
U0612,799,13.0,0.025210898865509552,12.0,0.07692307692307687,13.0,36.0,2.0,0.0
U0613,574,17.0,0.03215738201078218,17.0,0.0,17.0,29.0,2.0,0.0
U0614,906,13.0,0.02478787300981981,13.0,0.0,12.0,30.0,3.0,0.0
U0615,896,11.0,0.02042837687260121,8.0,0.2727272727272727,11.0,29.0,2.0,0.0
U0616,417,15.0,0.024644705495769328,14.0,0.06666666666666665,15.0,38.0,2.0,0.0
U0617,998,7.0,0.010816936231585453,7.0,0.0,7.0,27.0,2.0,0.0
U0618,636,17.0,0.030848329048843187,15.0,0.11764705882352944,16.0,32.0,2.0,0.0
U0619,768,8.0,0.012818458580355711,8.0,0.0,8.0,32.0,2.0,0.0
U0620,159,11.0,0.017843624959446306,11.0,0.0,10.0,38.0,2.0,0.0
U0621,948,8.0,0.02285823134434973,8.0,0.0,8.0,24.0,3.0,0.0
U0622,953,17.0,0.024498030550485158,17.0,0.0,17.0,31.0,2.0,0.0
U0623,243,11.0,0.020856375414757468,10.0,0.09090909090909094,11.0,29.0,2.0,0.0
U0624,886,9.0,0.014594200156752522,9.0,0.0,9.0,31.0,2.0,0.0
U0625,167,10.0,0.019154030327214685,9.0,0.09999999999999998,10.0,29.0,2.0,0.0
U0626,1000,6.0,0.013715853240370328,6.0,0.0,6.0,36.0,3.0,0.0
U0627,820,14.0,0.025480798398349817,14.0,0.0,14.0,27.0,2.0,0.0
U0628,831,12.0,0.025593630029859236,11.0,0.08333333333333337,11.0,30.0,2.0,0.0
U0629,182,12.0,0.01874755891160005,11.0,0.08333333333333337,12.0,25.0,2.0,0.0
U0630,903,8.0,0.014569737441189862,7.0,0.125,8.0,29.0,2.0,0.0
U0631,423,10.0,0.016008110776126572,9.0,0.09999999999999998,9.0,38.0,2.0,0.0
U0632,26,15.0,0.023485204321277594,15.0,0.0,15.0,31.0,2.0,0.0
U0633,184,12.0,0.02200959863051386,11.0,0.08333333333333337,12.0,37.0,2.0,0.0
U0634,755,11.0,0.021679148600709502,10.0,0.09090909090909094,11.0,34.0,2.0,0.0
U0635,947,14.0,0.023384649647838315,12.0,0.1428571428571429,14.0,37.0,2.0,0.0
U0636,341,14.0,0.0209351011863224,14.0,0.0,14.0,36.0,2.0,0.0
U0637,802,8.0,0.019065776930409912,8.0,0.0,8.0,37.0,2.0,0.0
U0638,954,11.0,0.018384913228780744,11.0,0.0,11.0,34.0,2.0,0.0
U0639,422,16.0,0.02628984554715741,14.0,0.125,16.0,31.0,2.0,0.0
U0640,822,11.0,0.017819055590053725,10.0,0.09090909090909094,11.0,32.0,2.0,0.0
U0641,686,11.0,0.018897096718776842,8.0,0.2727272727272727,11.0,33.0,2.0,0.0
U0642,885,14.0,0.02401646843549863,13.0,0.0714285714285714,14.0,31.0,2.0,0.0
U0643,753,12.0,0.020420318216625544,12.0,0.0,11.0,34.0,2.0,0.0
U0644,831,12.0,0.01805008899696658,12.0,0.0,12.0,25.0,1.0,0.0
U0645,255,11.0,0.023068050749711647,11.0,0.0,10.0,31.0,2.0,0.0
U0646,274,5.0,0.0076188541243396996,4.0,0.19999999999999996,5.0,37.0,2.0,0.0
U0647,164,7.0,0.01747742499271774,7.0,0.0,7.0,24.0,2.0,0.0
U0648,807,9.0,0.01600426780474793,8.0,0.11111111111111116,9.0,27.0,1.0,0.0
U0649,719,9.0,0.013463983843219387,9.0,0.0,9.0,25.0,2.0,0.0
U0650,111,15.0,0.021788602140124923,13.0,0.1333333333333333,15.0,29.0,3.0,0.0
U0651,392,13.0,0.04000615479304508,11.0,0.15384615384615385,13.0,32.0,2.0,0.0
U0652,894,12.0,0.017781729273171815,11.0,0.08333333333333337,12.0,36.0,2.0,0.0
U0653,40,14.0,0.02213788741302973,14.0,0.0,14.0,31.0,2.0,0.0
U0654,880,10.0,0.018219361107737156,9.0,0.09999999999999998,10.0,32.0,2.0,0.0
U0655,482,14.0,0.022669005532316825,11.0,0.2142857142857143,14.0,31.0,2.0,0.0
U0656,228,10.0,0.019924287706714484,8.0,0.19999999999999996,10.0,31.0,2.0,0.0
U0657,205,11.0,0.01845018450184502,9.0,0.18181818181818177,11.0,33.0,3.0,0.0
U0658,837,13.0,0.018508851027478526,13.0,0.0,13.0,29.0,2.0,0.0
U0659,941,10.0,0.014676744698025978,9.0,0.09999999999999998,8.0,33.0,2.0,0.0
U0660,472,10.0,0.015190257981214712,9.0,0.09999999999999998,10.0,34.0,2.0,0.0
U0661,359,8.0,0.015507883173946756,8.0,0.0,8.0,33.0,2.0,0.0
U0662,313,9.0,0.02547890912522412,8.0,0.11111111111111116,9.0,37.0,3.0,0.0
U0663,841,18.0,0.03130616267609716,16.0,0.11111111111111116,17.0,31.0,2.0,0.0
U0664,815,8.0,0.014298480786416443,7.0,0.125,8.0,38.0,2.0,0.0
U0665,893,10.0,0.014369880729989942,10.0,0.0,10.0,31.0,2.0,0.0
U0666,234,19.0,0.034755037956159876,16.0,0.1578947368421053,19.0,33.0,2.0,0.0
U0667,229,14.0,0.01975633849193283,12.0,0.1428571428571429,14.0,31.0,2.0,0.0
U0668,25,11.0,0.022081702298504466,11.0,0.0,11.0,36.0,2.0,0.0
U0669,676,14.0,0.027097648311235848,13.0,0.0714285714285714,14.0,36.0,2.0,0.0
U0670,198,9.0,0.014652014652014652,9.0,0.0,8.0,36.0,2.0,0.0
U0671,409,11.0,0.03089598352214212,11.0,0.0,11.0,29.0,2.0,0.0
U0672,337,9.0,0.013728929906185646,9.0,0.0,9.0,32.0,2.0,0.0
U0673,286,11.0,0.019031690648519277,10.0,0.09090909090909094,11.0,31.0,2.0,0.0
U0674,886,11.0,0.02262210796915167,11.0,0.0,11.0,31.0,2.0,0.0
U0675,72,9.0,0.01304190315179326,9.0,0.0,9.0,36.0,2.0,0.0
U0676,991,9.0,0.02109869500664218,9.0,0.0,8.0,31.0,2.0,0.0
U0677,792,13.0,0.01897810218978102,12.0,0.07692307692307687,13.0,37.0,2.0,0.0
U0678,286,12.0,0.018859522749299317,11.0,0.08333333333333337,12.0,37.0,2.0,0.0
U0679,360,7.0,0.014194464158978,7.0,0.0,7.0,25.0,2.0,0.0
U0680,657,12.0,0.01756397433708194,10.0,0.16666666666666663,12.0,33.0,2.0,0.0
U0681,522,13.0,0.0273876404494382,12.0,0.07692307692307687,13.0,31.0,3.0,0.0
U0682,410,10.0,0.02159749469061589,9.0,0.09999999999999998,10.0,31.0,2.0,0.0
U0683,696,8.0,0.018654541214876995,8.0,0.0,8.0,31.0,2.0,0.0
U0684,864,11.0,0.017231026290368903,10.0,0.09090909090909094,11.0,29.0,2.0,0.0
U0685,550,12.0,0.01816072239317964,12.0,0.0,12.0,27.0,1.0,0.0
U0686,340,17.0,0.036234458259325045,15.0,0.11764705882352944,17.0,29.0,2.0,0.0
U0687,962,8.0,0.012806830309498399,8.0,0.0,8.0,27.0,2.0,0.0
U0688,29,12.0,0.022587526665830093,9.0,0.25,11.0,28.0,2.0,0.0
U0689,119,17.0,0.0242153743886805,14.0,0.17647058823529416,17.0,33.0,2.0,0.0
U0690,899,11.0,0.01652437345083999,11.0,0.0,10.0,28.0,2.0,0.0
U0691,994,11.0,0.02219009514843829,11.0,0.0,11.0,32.0,2.0,0.0
U0692,268,9.0,0.019885108263367212,8.0,0.11111111111111116,8.0,29.0,2.0,0.0
U0693,183,6.0,0.009501939979412464,6.0,0.0,6.0,29.0,2.0,0.0
U0694,595,15.0,0.02140258257829778,15.0,0.0,15.0,32.0,2.0,0.0
U0695,986,7.0,0.01129305477131564,5.0,0.2857142857142857,7.0,31.0,2.0,0.0
U0696,272,6.0,0.011403953370501775,6.0,0.0,6.0,31.0,2.0,0.0
U0697,40,14.0,0.02209712211290577,14.0,0.0,14.0,37.0,2.0,0.0
U0698,112,9.0,0.013015498083829449,8.0,0.11111111111111116,8.0,31.0,2.0,0.0
U0699,611,11.0,0.017118402282453638,10.0,0.09090909090909094,10.0,32.0,2.0,0.0
U0700,445,10.0,0.020668986186227565,8.0,0.19999999999999996,10.0,37.0,2.0,0.0
U0701,354,16.0,0.023721861177691567,16.0,0.0,16.0,30.0,2.0,0.0
U0702,747,14.0,0.023520188161505293,9.0,0.3571428571428571,14.0,29.0,2.0,0.0
U0703,806,14.0,0.021173090010838603,13.0,0.0714285714285714,14.0,38.0,2.0,0.0
U0704,322,13.0,0.020705582543601178,11.0,0.15384615384615385,12.0,29.0,2.0,0.0
U0705,447,16.0,0.023619722468261,14.0,0.125,16.0,31.0,2.0,0.0
U0706,621,6.0,0.012118355943043727,6.0,0.0,6.0,31.0,2.0,0.0
U0707,524,8.0,0.012156515132328731,8.0,0.0,8.0,31.0,2.0,0.0
U0708,119,12.0,0.018916007671492,12.0,0.0,12.0,33.0,2.0,0.0
U0709,395,13.0,0.02057124772529472,11.0,0.15384615384615385,13.0,29.0,2.0,0.0
U0710,922,12.0,0.022022389429253074,11.0,0.08333333333333337,12.0,32.0,2.0,0.0
U0711,591,6.0,0.011416611169251262,6.0,0.0,6.0,25.0,2.0,0.0
U0712,195,10.0,0.01445191126526483,9.0,0.09999999999999998,10.0,33.0,2.0,0.0
U0713,261,9.0,0.013674347936186377,8.0,0.11111111111111116,9.0,27.0,3.0,0.0
U0714,46,11.0,0.02801714989175192,8.0,0.2727272727272727,11.0,34.0,1.0,0.0
U0715,726,12.0,0.019989450012493405,11.0,0.08333333333333337,12.0,37.0,2.0,0.0
U0716,447,12.0,0.02171487167114033,11.0,0.08333333333333337,12.0,36.0,2.0,0.0
U0717,2,13.0,0.018706381754083026,12.0,0.07692307692307687,13.0,36.0,2.0,0.0
U0718,533,12.0,0.018083636820293857,10.0,0.16666666666666663,12.0,26.0,2.0,0.0
U0719,948,16.0,0.02691412711317951,14.0,0.125,16.0,30.0,2.0,0.0
U0720,826,16.0,0.028700409578761694,15.0,0.0625,14.0,37.0,2.0,0.0
U0721,552,18.0,0.0325654323965746,16.0,0.11111111111111116,18.0,36.0,2.0,0.0
U0722,704,12.0,0.020282261472154145,12.0,0.0,12.0,29.0,2.0,0.0
U0723,737,11.0,0.021301316808675447,10.0,0.09090909090909094,11.0,32.0,2.0,0.0
U0724,963,10.0,0.015952779771875248,10.0,0.0,10.0,34.0,2.0,0.0
U0725,760,8.0,0.03011670222110679,7.0,0.125,8.0,32.0,2.0,0.0
U0726,755,6.0,0.015047650894499246,6.0,0.0,6.0,29.0,2.0,0.0
U0727,687,9.0,0.01355421686746988,9.0,0.0,9.0,30.0,1.0,0.0
U0728,202,9.0,0.016117478510028652,6.0,0.33333333333333337,9.0,32.0,2.0,0.0
U0729,373,13.0,0.024100852799406748,12.0,0.07692307692307687,13.0,34.0,2.0,0.0
U0730,442,9.0,0.015915588434672404,9.0,0.0,9.0,26.0,2.0,0.0
U0731,72,11.0,0.017156671605708492,10.0,0.09090909090909094,11.0,29.0,2.0,0.0
U0732,972,16.0,0.030650362376680184,16.0,0.0,15.0,34.0,2.0,0.0
U0733,681,11.0,0.022375915378356388,9.0,0.18181818181818177,11.0,29.0,2.0,0.0
U0734,943,15.0,0.02351158598709475,13.0,0.1333333333333333,13.0,31.0,2.0,0.0
U0735,339,16.0,0.02543113724866884,13.0,0.1875,16.0,33.0,2.0,0.0
U0736,639,14.0,0.020644907589461265,12.0,0.1428571428571429,14.0,31.0,2.0,0.0
U0737,322,14.0,0.020142435795985902,13.0,0.0714285714285714,14.0,32.0,2.0,0.0
U0738,680,16.0,0.025311783162390907,14.0,0.125,16.0,36.0,2.0,0.0
U0739,869,5.0,0.00843929334983684,5.0,0.0,5.0,32.0,1.0,0.0
U0740,128,13.0,0.020168588715933182,11.0,0.15384615384615385,13.0,34.0,3.0,0.0
U0741,738,14.0,0.021003675643237567,11.0,0.2142857142857143,14.0,30.0,3.0,0.0
U0742,922,12.0,0.018279679090078195,11.0,0.08333333333333337,12.0,33.0,2.0,0.0
U0743,308,8.0,0.0176230862429783,6.0,0.25,8.0,30.0,2.0,0.0
U0744,520,11.0,0.018237082066869303,10.0,0.09090909090909094,11.0,30.0,2.0,0.0
U0745,317,18.0,0.025384886590668704,16.0,0.11111111111111116,17.0,31.0,2.0,0.0
U0746,683,11.0,0.019207822822385846,11.0,0.0,11.0,26.0,2.0,0.0
U0747,419,11.0,0.018676250035371687,10.0,0.09090909090909094,11.0,32.0,3.0,0.0
U0748,335,16.0,0.02630713581058862,16.0,0.0,16.0,38.0,2.0,0.0
U0749,413,10.0,0.017055144968732235,9.0,0.09999999999999998,9.0,31.0,2.0,0.0
U0750,714,9.0,0.01439692865522022,9.0,0.0,9.0,28.0,2.0,0.0
U0751,303,14.0,0.02419215482979091,12.0,0.1428571428571429,14.0,37.0,2.0,0.0
U0752,568,8.0,0.0353174895151203,8.0,0.0,8.0,36.0,2.0,0.0
U0753,131,16.0,0.025056769242815757,15.0,0.0625,16.0,33.0,2.0,0.0
U0754,197,12.0,0.021431122752708656,11.0,0.08333333333333337,12.0,28.0,2.0,0.0
U0755,431,11.0,0.017855693531369208,9.0,0.18181818181818177,11.0,31.0,2.0,0.0
U0756,681,15.0,0.023242601105314807,12.0,0.19999999999999996,15.0,30.0,2.0,0.0
U0757,963,9.0,0.016859194505151418,9.0,0.0,9.0,30.0,2.0,0.0
U0758,389,11.0,0.017917741278675174,10.0,0.09090909090909094,11.0,29.0,2.0,0.0
U0759,694,8.0,0.02283648127884295,7.0,0.125,8.0,26.0,2.0,0.0
U0760,767,12.0,0.022326966013396177,12.0,0.0,12.0,27.0,2.0,0.0
U0761,925,7.0,0.013555383423702556,6.0,0.1428571428571429,7.0,38.0,2.0,0.0
U0762,179,18.0,0.02920497566252028,16.0,0.11111111111111116,18.0,36.0,2.0,0.0
U0763,631,12.0,0.020130850528434826,12.0,0.0,12.0,31.0,2.0,0.0
U0764,583,15.0,0.024656183222837105,13.0,0.1333333333333333,15.0,31.0,2.0,0.0
U0765,309,13.0,0.022629028982564043,12.0,0.07692307692307687,13.0,38.0,2.0,0.0
U0766,416,11.0,0.01752382975333882,11.0,0.0,11.0,33.0,2.0,0.0
U0767,562,8.0,0.01566426263747022,8.0,0.0,8.0,32.0,2.0,0.0
U0768,854,12.0,0.02229999690277821,9.0,0.25,12.0,32.0,2.0,0.0
U0769,1,13.0,0.02202892001807501,11.0,0.15384615384615385,12.0,36.0,2.0,0.0
U0770,312,21.0,0.03138153470648303,17.0,0.19047619047619047,21.0,37.0,2.0,0.0
U0771,294,12.0,0.024509803921568627,11.0,0.08333333333333337,12.0,31.0,2.0,0.0
U0772,216,14.0,0.023185845593309225,14.0,0.0,14.0,36.0,2.0,0.0
U0773,441,10.0,0.016049646907768028,9.0,0.09999999999999998,10.0,32.0,2.0,0.0
U0774,805,13.0,0.018375424048247265,9.0,0.3076923076923077,13.0,33.0,2.0,0.0
U0775,594,9.0,0.014085241796650843,8.0,0.11111111111111116,9.0,31.0,2.0,0.0
U0776,622,15.0,0.022460693785874716,14.0,0.06666666666666665,15.0,26.0,2.0,0.0
U0777,671,12.0,0.021502165148573987,11.0,0.08333333333333337,12.0,27.0,2.0,0.0
U0778,330,10.0,0.01723939777037122,9.0,0.09999999999999998,10.0,28.0,2.0,0.0
U0779,477,13.0,0.01969100272644653,11.0,0.15384615384615385,12.0,37.0,2.0,0.0
U0780,453,15.0,0.02149202407106696,13.0,0.1333333333333333,15.0,29.0,2.0,0.0
U0781,453,6.0,0.013699151413676319,6.0,0.0,6.0,37.0,2.0,0.0
U0782,692,9.0,0.020160537614336383,8.0,0.11111111111111116,9.0,30.0,2.0,0.0
U0783,219,8.0,0.017258737235725585,8.0,0.0,8.0,29.0,2.0,0.0
U0784,524,7.0,0.01075461552249507,6.0,0.1428571428571429,7.0,30.0,2.0,0.0
U0785,485,12.0,0.018628719275549807,12.0,0.0,12.0,36.0,2.0,0.0
U0786,813,17.0,0.024370430544272948,17.0,0.0,16.0,33.0,2.0,0.0
U0787,923,10.0,0.018586784796010038,8.0,0.19999999999999996,10.0,29.0,2.0,0.0
U0788,983,2.0,0.01101624896722666,2.0,0.0,2.0,29.0,2.0,0.0
U0789,816,8.0,0.014564432442273265,8.0,0.0,8.0,28.0,2.0,0.0
U0790,754,13.0,0.024725797248462564,13.0,0.0,13.0,31.0,2.0,0.0
U0791,174,11.0,0.015785697201626404,9.0,0.18181818181818177,11.0,31.0,2.0,0.0
U0792,675,6.0,0.010404022888850355,6.0,0.0,6.0,27.0,2.0,0.0
U0793,87,10.0,0.01826650835692757,10.0,0.0,10.0,29.0,2.0,0.0
U0794,291,13.0,0.022422169201138358,12.0,0.07692307692307687,13.0,31.0,2.0,0.0
U0795,528,8.0,0.014184397163120567,8.0,0.0,8.0,31.0,2.0,0.0
U0796,680,9.0,0.013141563846097685,9.0,0.0,9.0,36.0,2.0,0.0
U0797,649,12.0,0.01805416248746239,10.0,0.16666666666666663,11.0,32.0,2.0,0.0
U0798,635,9.0,0.016337891806849813,9.0,0.0,9.0,33.0,2.0,0.0
U0799,344,11.0,0.01794551090325738,10.0,0.09090909090909094,11.0,37.0,2.0,0.0
U0800,96,16.0,0.026634113860836754,15.0,0.0625,16.0,33.0,2.0,0.0
U0801,839,13.0,0.020726490048627533,11.0,0.15384615384615385,13.0,36.0,2.0,0.0
U0802,975,10.0,0.015108402790018382,9.0,0.09999999999999998,10.0,28.0,2.0,0.0
U0803,770,11.0,0.01571690519848546,11.0,0.0,11.0,28.0,2.0,0.0
U0804,241,18.0,0.026087586656682527,16.0,0.11111111111111116,18.0,33.0,2.0,0.0
U0805,689,14.0,0.023839931885908897,14.0,0.0,14.0,31.0,2.0,0.0
U0806,318,16.0,0.03007801485101983,14.0,0.125,16.0,30.0,2.0,0.0
U0807,231,11.0,0.018771864956341193,11.0,0.0,11.0,36.0,2.0,0.0
U0808,826,11.0,0.017766770754818563,9.0,0.18181818181818177,11.0,36.0,2.0,0.0
U0809,204,11.0,0.016897514017255946,10.0,0.09090909090909094,11.0,32.0,2.0,0.0
U0810,151,4.0,0.005897965202005308,4.0,0.0,4.0,27.0,2.0,0.0
U0811,26,17.0,0.02798584245616923,16.0,0.05882352941176472,17.0,37.0,2.0,0.0
U0812,48,7.0,0.012868435565904774,7.0,0.0,7.0,25.0,2.0,0.0
U0813,251,9.0,0.014398848092152628,9.0,0.0,9.0,25.0,2.0,0.0
U0814,487,11.0,0.016586665326330075,10.0,0.09090909090909094,11.0,29.0,2.0,0.0
U0815,626,8.0,0.012683648662932036,8.0,0.0,8.0,25.0,2.0,0.0
U0816,871,10.0,0.01906941266209001,9.0,0.09999999999999998,10.0,37.0,2.0,0.0
U0817,787,10.0,0.015304951151697574,8.0,0.19999999999999996,10.0,31.0,2.0,0.0
U0818,75,15.0,0.021311358954322655,14.0,0.06666666666666665,15.0,34.0,3.0,0.0
U0819,467,9.0,0.0167348456675344,8.0,0.11111111111111116,9.0,30.0,2.0,0.0
U0820,425,10.0,0.01754642491592338,10.0,0.0,9.0,32.0,2.0,0.0
U0821,908,16.0,0.024817103120233695,15.0,0.0625,16.0,32.0,2.0,0.0
U0822,645,10.0,0.017955470433325356,10.0,0.0,10.0,30.0,2.0,0.0
U0823,590,13.0,0.02094465776966247,12.0,0.07692307692307687,13.0,31.0,2.0,0.0
U0824,200,16.0,0.02508623392913139,13.0,0.1875,16.0,36.0,2.0,0.0
U0825,736,12.0,0.020503474199794966,11.0,0.08333333333333337,12.0,31.0,3.0,0.0
U0826,714,10.0,0.015891934843067144,10.0,0.0,10.0,38.0,2.0,0.0
U0827,394,12.0,0.02155753166262463,12.0,0.0,11.0,32.0,2.0,0.0
U0828,507,10.0,0.020913939140437102,8.0,0.19999999999999996,10.0,32.0,2.0,0.0
U0829,410,13.0,0.020267110117964976,12.0,0.07692307692307687,13.0,29.0,2.0,0.0
U0830,250,10.0,0.014948427923663361,8.0,0.19999999999999996,10.0,29.0,2.0,0.0
U0831,152,11.0,0.01692047377326565,10.0,0.09090909090909094,10.0,33.0,2.0,0.0
U0832,672,13.0,0.023880962586491947,12.0,0.07692307692307687,13.0,37.0,1.0,0.0
U0833,705,9.0,0.017292173690277954,9.0,0.0,9.0,33.0,1.0,0.0
U0834,6,13.0,0.01926972676515638,13.0,0.0,13.0,36.0,2.0,0.0
U0835,915,9.0,0.013284132841328414,9.0,0.0,9.0,36.0,2.0,0.0
U0836,769,12.0,0.01822600243013366,10.0,0.16666666666666663,12.0,32.0,2.0,0.0
U0837,882,9.0,0.013001709484024751,8.0,0.11111111111111116,9.0,32.0,2.0,0.0
U0838,789,12.0,0.0180977277297406,12.0,0.0,12.0,28.0,2.0,0.0
U0839,907,6.0,0.012951503813498345,6.0,0.0,6.0,32.0,2.0,0.0
U0840,110,10.0,0.018485996857380532,10.0,0.0,10.0,34.0,2.0,0.0
U0841,798,17.0,0.02860026917900404,17.0,0.0,17.0,36.0,2.0,0.0
U0842,436,7.0,0.014680181754631249,7.0,0.0,7.0,31.0,2.0,0.0
U0843,225,8.0,0.011504445989022841,8.0,0.0,8.0,30.0,2.0,0.0
U0844,181,10.0,0.021427806149780366,10.0,0.0,10.0,29.0,2.0,0.0
U0845,824,11.0,0.01812738608585789,10.0,0.09090909090909094,11.0,33.0,2.0,0.0
U0846,981,18.0,0.03298717165546732,16.0,0.11111111111111116,18.0,34.0,2.0,0.0
U0847,713,9.0,0.016627151522616006,9.0,0.0,9.0,28.0,2.0,0.0
U0848,531,9.0,0.027475323089447442,9.0,0.0,8.0,33.0,2.0,0.0
U0849,476,10.0,0.017247326664367024,10.0,0.0,10.0,37.0,2.0,0.0
U0850,52,13.0,0.019271155033971588,13.0,0.0,13.0,28.0,2.0,0.0
U0851,571,10.0,0.01889942356758119,10.0,0.0,10.0,33.0,3.0,0.0
U0852,256,8.0,0.015115729806329713,8.0,0.0,8.0,31.0,2.0,0.0
U0853,940,10.0,0.015079165619502389,10.0,0.0,10.0,28.0,2.0,0.0
U0854,869,14.0,0.024083259267754235,13.0,0.0714285714285714,14.0,36.0,2.0,0.0
U0855,125,9.0,0.013471709410238498,9.0,0.0,9.0,29.0,2.0,0.0
U0856,468,14.0,0.019836115899591472,14.0,0.0,14.0,37.0,2.0,0.0
U0857,137,7.0,0.011325028312570781,7.0,0.0,7.0,37.0,2.0,0.0
U0858,821,9.0,0.020180126312642474,8.0,0.11111111111111116,9.0,34.0,2.0,0.0
U0859,476,11.0,0.01624815361890694,11.0,0.0,11.0,26.0,2.0,0.0
U0860,684,8.0,0.011924577050157752,8.0,0.0,8.0,34.0,2.0,0.0
U0861,544,16.0,0.02758145147388381,16.0,0.0,16.0,37.0,2.0,0.0
U0862,573,17.0,0.025169648365206663,14.0,0.17647058823529416,16.0,37.0,2.0,0.0
U0863,610,7.0,0.014507772020725389,7.0,0.0,7.0,31.0,2.0,0.0
U0864,325,12.0,0.019650655021834062,10.0,0.16666666666666663,11.0,27.0,2.0,0.0
U0865,973,10.0,0.023130300693909023,10.0,0.0,10.0,33.0,2.0,0.0
U0866,774,8.0,0.01762114537444934,8.0,0.0,8.0,37.0,2.0,0.0
U0867,913,10.0,0.02100252030243629,8.0,0.19999999999999996,10.0,29.0,3.0,0.0
U0868,454,16.0,0.025007163510380577,15.0,0.0625,15.0,29.0,2.0,0.0
U0869,628,6.0,0.010977283122427198,6.0,0.0,6.0,31.0,2.0,0.0
U0870,835,13.0,0.020716031020928505,10.0,0.23076923076923073,12.0,34.0,2.0,0.0
U0871,737,16.0,0.024222850222042795,14.0,0.125,15.0,34.0,2.0,0.0
U0872,914,13.0,0.01939044399144832,12.0,0.07692307692307687,13.0,36.0,2.0,0.0
U0873,517,5.0,0.015544041450777202,5.0,0.0,5.0,31.0,2.0,0.0
U0874,437,10.0,0.014392630972941856,10.0,0.0,10.0,37.0,1.0,0.0
U0875,851,11.0,0.016142050040355124,11.0,0.0,11.0,36.0,2.0,0.0
U0876,929,15.0,0.030409514799297203,14.0,0.06666666666666665,15.0,32.0,2.0,0.0
U0877,562,16.0,0.02810468997013877,13.0,0.1875,16.0,37.0,2.0,0.0
U0878,457,12.0,0.01907082693224559,11.0,0.08333333333333337,12.0,36.0,2.0,0.0
U0879,919,10.0,0.01723147616312464,10.0,0.0,10.0,31.0,2.0,0.0
U0880,163,15.0,0.024738187515461366,13.0,0.1333333333333333,15.0,36.0,2.0,0.0
U0881,762,13.0,0.024437621404849928,11.0,0.15384615384615385,12.0,34.0,2.0,0.0
U0882,883,7.0,0.010606596292742057,7.0,0.0,7.0,32.0,2.0,0.0
U0883,487,8.0,0.013732726804566133,7.0,0.125,8.0,33.0,1.0,0.0
U0884,461,12.0,0.019295189602036716,11.0,0.08333333333333337,12.0,27.0,1.0,0.0
U0885,266,17.0,0.027661767098768778,15.0,0.11764705882352944,17.0,34.0,2.0,0.0
U0886,770,8.0,0.011771919068056406,7.0,0.125,8.0,28.0,1.0,0.0
U0887,254,11.0,0.025343675600952305,11.0,0.0,10.0,31.0,2.0,0.0
U0888,861,16.0,0.024225906578847753,15.0,0.0625,15.0,37.0,2.0,0.0
U0889,653,9.0,0.016400413047439714,8.0,0.11111111111111116,9.0,31.0,2.0,0.0
U0890,284,11.0,0.017143747727154657,11.0,0.0,11.0,33.0,2.0,0.0
U0891,785,14.0,0.02274388758021282,13.0,0.0714285714285714,14.0,29.0,2.0,0.0
U0892,797,9.0,0.020996150705703955,9.0,0.0,9.0,36.0,2.0,0.0
U0893,534,6.0,0.010059799921757113,6.0,0.0,6.0,31.0,2.0,0.0
U0894,497,14.0,0.02198262325970899,13.0,0.0714285714285714,14.0,29.0,2.0,0.0
U0895,642,11.0,0.0216698952621729,10.0,0.09090909090909094,11.0,36.0,2.0,0.0
U0896,245,13.0,0.019612280304744663,12.0,0.07692307692307687,13.0,31.0,2.0,0.0
U0897,282,9.0,0.017871326449563144,9.0,0.0,9.0,27.0,3.0,0.0
U0898,451,12.0,0.023783569517391735,12.0,0.0,12.0,32.0,2.0,0.0
U0899,80,10.0,0.01680954782316356,10.0,0.0,10.0,34.0,2.0,0.0
U0900,731,7.0,0.014105319720580333,7.0,0.0,7.0,34.0,3.0,0.0
U0901,293,14.0,0.02572268495835375,13.0,0.0714285714285714,14.0,32.0,2.0,0.0
U0902,241,10.0,0.01963222302205353,9.0,0.09999999999999998,10.0,31.0,2.0,0.0
U0903,279,10.0,0.015009005403241946,9.0,0.09999999999999998,10.0,28.0,2.0,0.0
U0904,344,8.0,0.016518118311022404,7.0,0.125,7.0,29.0,2.0,0.0
U0905,328,10.0,0.015681764721256635,10.0,0.0,10.0,37.0,2.0,0.0
U0906,915,10.0,0.014816644030127177,10.0,0.0,10.0,31.0,2.0,0.0
U0907,554,14.0,0.024043277900220397,14.0,0.0,13.0,37.0,2.0,0.0
U0908,83,10.0,0.01496296665752263,9.0,0.09999999999999998,10.0,33.0,2.0,0.0
U0909,142,9.0,0.013318534961154272,9.0,0.0,9.0,26.0,1.0,0.0
U0910,155,10.0,0.020229947064971845,8.0,0.19999999999999996,10.0,33.0,2.0,0.0
U0911,237,14.0,0.02040072859744991,14.0,0.0,13.0,32.0,2.0,0.0
U0912,393,8.0,0.014988290398126464,6.0,0.25,8.0,23.0,2.0,0.0
U0913,711,13.0,0.027010180760440473,12.0,0.07692307692307687,13.0,30.0,2.0,0.0
U0914,157,16.0,0.024884649281974182,15.0,0.0625,16.0,34.0,2.0,0.0
U0915,724,19.0,0.027685358331107173,14.0,0.26315789473684215,18.0,31.0,2.0,0.0
U0916,220,10.0,0.02044362669937647,10.0,0.0,10.0,29.0,2.0,0.0
U0917,66,7.0,0.010532387090302681,7.0,0.0,7.0,24.0,2.0,0.0
U0918,425,11.0,0.020190895741556535,11.0,0.0,11.0,36.0,2.0,0.0
U0919,418,12.0,0.0198944488961344,11.0,0.08333333333333337,12.0,29.0,2.0,0.0
U0920,339,14.0,0.02260495156081808,13.0,0.0714285714285714,13.0,37.0,1.0,0.0
U0921,556,16.0,0.025538707102952914,15.0,0.0625,16.0,31.0,2.0,0.0
U0922,478,10.0,0.019551616266944735,9.0,0.09999999999999998,9.0,29.0,2.0,0.0
U0923,426,9.0,0.014410760034158839,6.0,0.33333333333333337,9.0,34.0,2.0,0.0
U0924,64,13.0,0.020406027626622015,13.0,0.0,13.0,29.0,2.0,0.0
U0925,212,10.0,0.018166404263049534,10.0,0.0,10.0,33.0,3.0,0.0
U0926,853,15.0,0.024103484292562732,14.0,0.06666666666666665,14.0,34.0,2.0,0.0
U0927,431,12.0,0.017790077090334058,12.0,0.0,12.0,37.0,3.0,0.0
U0928,399,9.0,0.017284424812752063,9.0,0.0,9.0,30.0,2.0,0.0
U0929,927,9.0,0.014503263234227702,9.0,0.0,9.0,26.0,2.0,0.0
U0930,789,12.0,0.026582979508953292,12.0,0.0,12.0,37.0,2.0,0.0
U0931,599,20.0,0.030017259924456564,19.0,0.050000000000000044,19.0,32.0,2.0,0.0
U0932,969,11.0,0.018110473890733475,11.0,0.0,11.0,34.0,2.0,0.0
U0933,713,8.0,0.012351079432879603,8.0,0.0,8.0,29.0,2.0,0.0
U0934,21,8.0,0.012654890587925125,8.0,0.0,8.0,37.0,2.0,0.0
U0935,878,4.0,0.008629989212513484,4.0,0.0,4.0,30.0,2.0,0.0
U0936,902,13.0,0.02360774818401937,12.0,0.07692307692307687,12.0,31.0,2.0,0.0
U0937,784,9.0,0.017520521722202396,8.0,0.11111111111111116,9.0,33.0,2.0,0.0
U0938,590,4.0,0.006718548793460613,4.0,0.0,4.0,31.0,2.0,0.0
U0939,390,8.0,0.017067880382604986,8.0,0.0,8.0,36.0,2.0,0.0
U0940,489,11.0,0.0240104772991851,9.0,0.18181818181818177,11.0,38.0,2.0,0.0
U0941,7,10.0,0.017079905491189616,10.0,0.0,10.0,28.0,2.0,0.0
U0942,966,12.0,0.02070571995513761,12.0,0.0,12.0,37.0,2.0,0.0
U0943,361,8.0,0.015951613439234322,8.0,0.0,8.0,31.0,2.0,0.0
U0944,306,11.0,0.02554476138870612,11.0,0.0,10.0,32.0,2.0,0.0
U0945,772,11.0,0.019530094099544298,10.0,0.09090909090909094,11.0,30.0,2.0,0.0
U0946,400,12.0,0.021620323103717497,11.0,0.08333333333333337,11.0,28.0,3.0,0.0
U0947,874,7.0,0.012803316668698939,7.0,0.0,7.0,36.0,2.0,0.0
U0948,914,10.0,0.017785682525566917,10.0,0.0,9.0,29.0,2.0,0.0
U0949,977,16.0,0.025425075480692835,15.0,0.0625,15.0,37.0,2.0,0.0
U0950,856,10.0,0.01973164956590371,9.0,0.09999999999999998,10.0,37.0,2.0,0.0
U0951,430,13.0,0.020106720284587428,13.0,0.0,13.0,29.0,2.0,0.0
U0952,552,14.0,0.03176764238711141,14.0,0.0,13.0,36.0,2.0,0.0
U0953,766,17.0,0.029083029197080293,12.0,0.2941176470588235,17.0,36.0,2.0,0.0
U0954,753,16.0,0.02625389706284527,13.0,0.1875,16.0,29.0,2.0,0.0
U0955,560,9.0,0.017136872838056552,8.0,0.11111111111111116,9.0,26.0,1.0,0.0
U0956,820,12.0,0.029602828714743852,10.0,0.16666666666666663,12.0,36.0,2.0,0.0
U0957,618,12.0,0.023857649358825672,11.0,0.08333333333333337,12.0,33.0,2.0,0.0
U0958,920,9.0,0.013601329907813207,8.0,0.11111111111111116,9.0,26.0,2.0,0.0
U0959,226,10.0,0.018348062750374608,10.0,0.0,10.0,37.0,2.0,0.0
U0960,500,13.0,0.02104411169566977,12.0,0.07692307692307687,13.0,31.0,1.0,0.0
U0961,225,13.0,0.025353486104339348,12.0,0.07692307692307687,13.0,36.0,2.0,0.0
U0962,280,12.0,0.023567921440261864,12.0,0.0,12.0,27.0,2.0,0.0
U0963,447,10.0,0.015391719255040787,10.0,0.0,10.0,29.0,2.0,0.0
U0964,498,9.0,0.014283069272885973,9.0,0.0,9.0,27.0,2.0,0.0
U0965,30,11.0,0.01949145034110038,9.0,0.18181818181818177,11.0,37.0,2.0,0.0
U0966,399,9.0,0.014749262536873154,8.0,0.11111111111111116,9.0,29.0,2.0,0.0
U0967,345,12.0,0.018432235932619938,12.0,0.0,12.0,33.0,2.0,0.0
U0968,685,12.0,0.021085925144965736,11.0,0.08333333333333337,12.0,36.0,2.0,0.0
U0969,696,12.0,0.01787221367224346,12.0,0.0,12.0,34.0,2.0,0.0
U0970,818,14.0,0.02869832593098736,13.0,0.0714285714285714,14.0,38.0,2.0,0.0
U0971,415,9.0,0.021069059695669138,8.0,0.11111111111111116,9.0,31.0,2.0,0.0
U0972,742,11.0,0.017446932247746436,10.0,0.09090909090909094,11.0,31.0,2.0,0.0
U0973,170,7.0,0.01733102253032929,7.0,0.0,7.0,32.0,2.0,0.0
U0974,861,13.0,0.021488195267087246,13.0,0.0,12.0,29.0,3.0,0.0
U0975,479,7.0,0.013814880599960529,7.0,0.0,7.0,33.0,2.0,0.0
U0976,942,18.0,0.02778635381290522,17.0,0.05555555555555558,18.0,37.0,3.0,0.0
U0977,131,13.0,0.020602762883330253,12.0,0.07692307692307687,12.0,29.0,2.0,0.0
U0978,638,9.0,0.013726835964310227,9.0,0.0,9.0,33.0,2.0,0.0
U0979,547,15.0,0.02580275229357798,12.0,0.19999999999999996,14.0,31.0,2.0,0.0
U0980,28,9.0,0.017562689042833445,7.0,0.2222222222222222,8.0,37.0,1.0,0.0
U0981,929,11.0,0.01848998459167951,11.0,0.0,11.0,29.0,2.0,0.0
U0982,404,10.0,0.016411378555798686,10.0,0.0,10.0,34.0,2.0,0.0
U0983,607,13.0,0.01825415399017084,12.0,0.07692307692307687,12.0,36.0,2.0,0.0
U0984,578,14.0,0.02223869532987398,14.0,0.0,13.0,37.0,2.0,0.0
U0985,679,4.0,0.012303275747167683,4.0,0.0,4.0,26.0,2.0,0.0
U0986,28,14.0,0.03076246978686003,12.0,0.1428571428571429,11.0,29.0,2.0,0.0
U0987,86,15.0,0.02566369157945764,15.0,0.0,15.0,29.0,2.0,0.0
U0988,659,11.0,0.019359948373471006,11.0,0.0,11.0,25.0,2.0,0.0
U0989,439,11.0,0.016168940934368797,11.0,0.0,11.0,31.0,2.0,0.0
U0990,139,11.0,0.022874571101791842,9.0,0.18181818181818177,11.0,32.0,2.0,0.0
U0991,888,14.0,0.022213407378024592,12.0,0.1428571428571429,13.0,36.0,2.0,0.0
U0992,473,10.0,0.017361111111111112,10.0,0.0,10.0,36.0,2.0,0.0
U0993,187,9.0,0.024762690879075528,9.0,0.0,9.0,30.0,1.0,0.0
U0994,52,13.0,0.02040069048490872,13.0,0.0,13.0,31.0,2.0,0.0
U0995,267,13.0,0.02026658352170863,12.0,0.07692307692307687,13.0,31.0,2.0,0.0
U0996,389,8.0,0.014876801487680148,7.0,0.125,8.0,31.0,2.0,0.0
U0997,336,8.0,0.017788319003854136,8.0,0.0,8.0,31.0,2.0,0.0
U0998,217,10.0,0.017601501994836892,9.0,0.09999999999999998,9.0,31.0,2.0,0.0
U0999,466,7.0,0.013059295419918536,7.0,0.0,7.0,29.0,2.0,0.0
U1000,335,16.0,0.025466217470886277,15.0,0.0625,16.0,37.0,2.0,0.0
